Action,PropID,N1,N2,N3,N4
QUAD,7,11159,685481,11160,262231
QUAD,7,12851,180659,12852,153228
QUAD,2,13737,14062,14089,14087
QUAD,3,16142,132082,132684,131995
QUAD,3,16624,132881,133894,132805
QUAD,7,17897,326586,17898,263279
QUAD,2,21923,21924,23053,41854
QUAD,2,22232,23873,22243,22233
QUAD,2,22799,23513,23511,22962
QUAD,2,23794,23795,42593,24143
QUAD,2,31964,32149,31966,32423
QUAD,2,35468,36924,35470,35469
QUAD,17,56490,624512,624514,624515
QUAD,3,60414,60509,60519,60415
QUAD,3,60544,60545,60659,60669
QUAD,17,79703,637756,624169,669255
QUAD,7,79870,327434,328167,327819
QUAD,10,140154,140155,140156,140239
QUAD,4,157959,158250,157960,325323
QUAD,7,206595,353713,207166,354196
QUAD,7,311308,312809,311310,312150
QUAD,7,313327,316889,314440,357860
QUAD,10,320211,442088,320213,482850
QUAD,10,320438,462316,462226,514573
QUAD,8,365164,365165,367618,390391
QUAD,8,374619,375004,376596,396526
QUAD,8,397909,398592,400349,398065
QUAD,10,424787,486953,424884,490122
QUAD,19,576164,576185,576184,590508
QUAD,19,576164,580730,580731,590499
QUAD,19,576194,576195,576196,590444
QUAD,19,576196,590307,580749,580748
QUAD,19,576249,576250,576251,590515
QUAD,19,576249,580803,580802,590492
QUAD,19,576362,576363,576364,590451
QUAD,19,576362,590300,580861,580862
QUAD,19,576391,576392,576393,590547
QUAD,19,576393,590524,580869,580868
QUAD,19,576419,590483,576421,576420
QUAD,19,576421,590460,580899,580898
QUAD,19,576474,580953,580952,590531
QUAD,19,576474,590540,576476,576475
QUAD,19,576587,581012,581011,590467
QUAD,19,576587,590476,576589,576588
QUAD,19,577017,577033,590669,577031
QUAD,19,578015,578016,578017,590387
QUAD,19,578015,590396,581389,581390
QUAD,19,578034,578035,578036,590380
QUAD,19,578036,590403,581400,581399
QUAD,19,578089,578090,578091,590355
QUAD,19,578089,590364,581453,581454
QUAD,19,578196,578208,578207,590348
QUAD,19,578196,590371,581508,581507
QUAD,19,578227,590435,581533,581534
QUAD,19,578227,578228,578229,590412
QUAD,19,578260,590419,578262,578261
QUAD,19,578262,590428,581550,581549
QUAD,19,578315,590323,581603,581604
QUAD,19,578315,578316,578317,590332
QUAD,17,636981,669197,637488,637846
QUAD,17,637000,669193,637471,637842
TRIA,7,11111,262182,328917,0
TRIA,7,12901,327842,328168,0
TRIA,2,21844,22364,22517,0
TRIA,2,30021,30724,30778,0
TRIA,6,45675,214706,215186,0
TRIA,3,72315,72316,121057,0
TRIA,3,74032,74033,128044,0
TRIA,7,74395,326778,327325,0
TRIA,7,117725,265090,265091,0
TRIA,7,136291,262369,685749,0
TRIA,6,199555,199556,236660,0
TRIA,6,202092,202093,248563,0
TRIA,6,202133,202134,248521,0
TRIA,7,331308,331309,331310,0
TRIA,17,405087,665851,665852,0
TRIA,8,424559,424561,424562,0
TRIA,19,576691,576692,581035,0
TRIA,21,577030,577031,590993,0
TRIA,21,577040,577041,591000,0
TRIA,21,577049,577068,590978,0
TRIA,19,577050,577051,577294,0
TRIA,21,577058,577059,590985,0
TRIA,19,577387,577388,581211,0
TRIA,19,577464,577465,577536,0
TRIA,21,577721,577740,591062,0
TRIA,21,577730,577731,591069,0
TRIA,21,577742,577743,591058,0
TRIA,21,577752,577753,591049,0
TRIA,19,581017,581018,581186,0
TRIA,19,581206,581221,581368,0
TRIA,17,664271,664272,664273,0
TRIA,25,364634,364623,364624,0
TRIA,25,364634,364624,364625,0
TRIA,25,364634,364625,364626,0
TRIA,25,364634,364626,364627,0
TRIA,25,364634,364627,364628,0
TRIA,25,364634,364628,364629,0
TRIA,25,364634,364629,364630,0
TRIA,25,364634,364630,364631,0
TRIA,25,364634,364631,364632,0
TRIA,25,364632,364633,364634,0
TRIA,17,631106,631669,631108,0
TRIA,17,631317,631106,631108,0
TRIA,17,631108,632093,631710,0
TRIA,17,631108,631710,631317,0
TRIA,23,600167,600168,600169,0
TRIA,23,600167,600169,602503,0
TRIA,23,602500,600524,600525,0
TRIA,23,602501,602500,600525,0
TRIA,23,602501,600525,600167,0
TRIA,23,602501,600167,602503,0
TRIA,23,602503,602502,602501,0
TRIA,23,600175,600174,602510,0
TRIA,23,600175,602510,602511,0
TRIA,23,602513,600519,600518,0
TRIA,23,602512,602513,600518,0
TRIA,23,602512,600518,600176,0
TRIA,23,602511,602512,600176,0
TRIA,23,602511,600176,600175,0
TRIA,25,382287,382276,382277,0
TRIA,25,382287,382277,382278,0
TRIA,25,382287,382278,382279,0
TRIA,25,382287,382279,382280,0
TRIA,25,382287,382280,382281,0
TRIA,25,382287,382281,382282,0
TRIA,25,382287,382282,382283,0
TRIA,25,382287,382283,382284,0
TRIA,25,382287,382284,382285,0
TRIA,25,382285,382286,382287,0
TRIA,25,360270,360269,360280,0
TRIA,25,360270,360280,360279,0
TRIA,25,360270,360279,360278,0
TRIA,25,360270,360278,360277,0
TRIA,25,360270,360277,360276,0
TRIA,25,360270,360276,360275,0
TRIA,25,360270,360275,360274,0
TRIA,25,360270,360274,360273,0
TRIA,25,360270,360273,360272,0
TRIA,25,360272,360271,360270,0
TRIA,25,360607,360606,360617,0
TRIA,25,360607,360617,360616,0
TRIA,25,360607,360616,360615,0
TRIA,25,360607,360615,360614,0
TRIA,25,360607,360614,360613,0
TRIA,25,360607,360613,360612,0
TRIA,25,360607,360612,360611,0
TRIA,25,360607,360611,360610,0
TRIA,25,360607,360610,360609,0
TRIA,25,360609,360608,360607,0
TRIA,23,602404,599649,599650,0
TRIA,23,602404,599650,599651,0
TRIA,23,599785,599786,602407,0
TRIA,23,599651,599785,602407,0
TRIA,23,602405,602404,599651,0
TRIA,23,602405,599651,602407,0
TRIA,23,602407,602406,602405,0
TRIA,17,629194,629701,629196,0
TRIA,17,629405,629194,629196,0
TRIA,17,629196,629195,629405,0
TRIA,17,627282,627587,627284,0
TRIA,17,627493,627282,627284,0
TRIA,17,627284,627283,627493,0
TRIA,23,599792,599791,602414,0
TRIA,23,599642,599792,602414,0
TRIA,23,602417,599644,599643,0
TRIA,23,602416,602417,599643,0
TRIA,23,602416,599643,599642,0
TRIA,23,602416,599642,602414,0
TRIA,23,602414,602415,602416,0
QUAD,3,52602,93198,93200,93199
QUAD,3,53431,53813,93775,53791
QUAD,3,53478,53843,93847,53821
QUAD,3,53525,53873,93922,53851
QUAD,3,54496,54554,94059,54555
QUAD,3,55412,94288,94290,94289
QUAD,3,55732,55752,55793,55733
QUAD,17,56479,624536,624535,624533
QUAD,4,157959,157961,157960,158250
QUAD,7,157959,157961,157960,325323
QUAD,8,383526,422578,422580,383527
QUAD,8,383526,383564,383566,383527
QUAD,10,499133,499849,499134,499319
TRIA,2,15114,17118,38219,0
TRIA,7,15342,15343,323890,0
TRIA,3,17572,17596,146091,0
TRIA,2,23511,23513,23710,0
TRIA,2,23511,23513,27980,0
TRIA,3,55732,55752,55757,0
TRIA,7,86619,689909,690081,0
TRIA,7,157915,157916,262520,0
TRIA,7,157915,157916,325324,0
TRIA,7,157960,157961,262454,0
TRIA,10,499134,499319,503955,0
TRIA,17,642720,642721,651464,0
TRIA,17,642724,642725,651459,0
TRIA,17,643144,643145,651430,0
TRIA,17,643148,643149,651425,0
TRIA,17,643579,643782,666534,0
TRIA,17,643676,643677,666956,0
TRIA,17,643680,643681,666951,0
TRIA,17,643778,643779,666539,0
TRIA,17,644347,644348,666509,0
TRIA,17,644354,644355,666929,0
TRIA,17,645019,645198,666564,0
TRIA,17,645104,645105,667014,0
TRIA,17,645108,645109,667009,0
TRIA,17,645194,645195,666569,0
TRIA,17,645691,645692,666597,0
TRIA,17,645695,645696,666592,0
TRIA,17,645697,645698,666987,0
TRIA,17,646041,646244,666654,0
TRIA,17,646138,646139,667072,0
TRIA,17,646142,646143,667067,0
TRIA,17,646240,646241,666659,0
TRIA,17,646809,646810,666627,0
TRIA,17,646813,646814,666622,0
TRIA,17,646815,646816,667045,0
TRIA,17,647213,647416,666744,0
TRIA,17,647310,647311,667130,0
TRIA,17,647314,647315,667125,0
TRIA,17,647412,647413,666749,0
TRIA,17,647981,647982,666687,0
TRIA,17,647985,647986,666682,0
TRIA,17,647987,647988,667103,0
TRIA,17,648385,648560,666774,0
TRIA,17,648468,648469,667246,0
TRIA,17,648472,648473,667241,0
TRIA,17,648556,648557,666779,0
TRIA,17,649041,649042,666717,0
TRIA,17,649045,649046,666712,0
TRIA,17,649047,649048,667219,0
TRIA,17,649389,649564,666804,0
TRIA,17,649472,649473,667188,0
TRIA,17,649476,649477,667183,0
TRIA,17,649560,649561,666809,0
TRIA,17,650045,650046,666839,0
TRIA,17,650052,650053,667161,0
TRIA,17,650619,650762,666894,0
TRIA,17,650758,650759,666899,0
TRIA,17,651147,651148,666867,0
TRIA,17,651151,651152,666862,0
TRIA,17,651593,651594,667362,0
TRIA,17,651682,651683,667746,0
TRIA,17,652327,652328,667455,0
TRIA,17,652331,652332,667450,0
TRIA,17,652333,652334,667780,0
TRIA,17,652337,652338,667775,0
TRIA,17,652820,652821,667397,0
TRIA,17,652824,652825,667392,0
TRIA,17,652913,652914,667804,0
TRIA,17,653331,653332,667425,0
TRIA,17,653335,653336,667420,0
TRIA,17,653337,653338,667838,0
TRIA,17,653341,653342,667833,0
TRIA,17,653824,653825,667337,0
TRIA,17,653828,653829,667332,0
TRIA,17,653931,653932,667688,0
TRIA,17,654419,654420,667485,0
TRIA,17,654423,654424,667480,0
TRIA,17,654425,654426,667722,0
TRIA,17,654429,654430,667717,0
TRIA,17,654996,654997,667307,0
TRIA,17,655000,655001,667302,0
TRIA,17,655103,655104,667630,0
TRIA,17,655591,655592,667515,0
TRIA,17,655595,655596,667510,0
TRIA,17,655597,655598,667664,0
TRIA,17,655601,655602,667659,0
TRIA,17,656171,656172,667272,0
TRIA,17,656274,656275,667572,0
TRIA,17,657031,657032,667545,0
TRIA,17,657035,657036,667540,0
TRIA,17,657037,657038,667606,0
TRIA,17,657041,657042,667601,0
TRIA,17,657801,657802,658665,0
TRIA,17,657805,657806,658660,0
TRIA,17,658226,658227,658699,0
TRIA,17,658230,658231,658694,0
TRIA,17,658807,658808,667985,0
TRIA,17,658811,658812,667980,0
TRIA,17,659216,659217,668013,0
TRIA,17,659220,659221,668008,0
TRIA,17,659613,659614,667925,0
TRIA,17,659617,659618,667920,0
TRIA,17,659708,659709,667862,0
TRIA,17,660130,660131,667953,0
TRIA,17,660134,660135,667948,0
TRIA,17,660136,660137,667896,0
TRIA,17,660140,660141,667891,0
QUAD,4,12905,12906,153613,64742
QUAD,2,15111,15114,38219,40078
QUAD,7,15289,15290,685916,71523
QUAD,3,46103,46189,46121,46158
QUAD,14,46186,46187,532071,532231
QUAD,14,46759,46760,534017,534177
QUAD,3,46762,46763,46965,46910
QUAD,14,46806,534742,534582,46807
QUAD,3,46809,46810,47057,47002
QUAD,14,46853,535253,535093,46854
QUAD,3,46856,46857,47149,47094
QUAD,22,53791,594018,53813,93775
QUAD,22,53821,594443,53843,93847
QUAD,22,53851,93922,53873,594868
QUAD,22,54554,94059,54555,596118
QUAD,3,54723,61771,54742,54783
QUAD,3,55904,55977,55931,62022
QUAD,3,56088,56161,56115,62067
QUAD,14,61768,535713,535603,61769
QUAD,14,61974,61975,536148,536543
QUAD,14,62019,62020,536923,537372
QUAD,14,62064,62065,537645,538094
QUAD,22,93198,93200,93199,592315
QUAD,22,94288,597395,94289,94290
QUAD,7,140284,266100,142354,157966
QUAD,8,374619,380772,376596,375004
QUAD,17,417989,664072,664279,664277
