ElementID,Action,N1,N2,N3,N4
8397,DELETE,0,0,0,0
8411,DELETE,0,0,0,0
9731,DELETE,0,0,0,0
9932,DELETE,0,0,0,0
11606,DELETE,0,0,0,0
11702,DELETE,0,0,0,0
11886,DELETE,0,0,0,0
12631,DELETE,0,0,0,0
12632,DELETE,0,0,0,0
12651,DELETE,0,0,0,0
12997,DELETE,0,0,0,0
14503,DELETE,0,0,0,0
14613,DELETE,0,0,0,0
14659,DELETE,0,0,0,0
14976,DELETE,0,0,0,0
16458,DELETE,0,0,0,0
16497,DELETE,0,0,0,0
17173,DELETE,0,0,0,0
17350,DELETE,0,0,0,0
17586,DELETE,0,0,0,0
17631,DELETE,0,0,0,0
17799,DELETE,0,0,0,0
17879,DELETE,0,0,0,0
20672,DELETE,0,0,0,0
20729,DELETE,0,0,0,0
20906,DELETE,0,0,0,0
21703,DELETE,0,0,0,0
21880,DELETE,0,0,0,0
22171,DELETE,0,0,0,0
22494,DELETE,0,0,0,0
22722,DELETE,0,0,0,0
23611,DELETE,0,0,0,0
23817,DELETE,0,0,0,0
29249,DELETE,0,0,0,0
29369,DELETE,0,0,0,0
30611,DELETE,0,0,0,0
33007,DELETE,0,0,0,0
35714,DELETE,0,0,0,0
35804,DELETE,0,0,0,0
35893,DELETE,0,0,0,0
36260,DELETE,0,0,0,0
36885,DELETE,0,0,0,0
36956,DELETE,0,0,0,0
37027,DELETE,0,0,0,0
37151,DELETE,0,0,0,0
37352,DELETE,0,0,0,0
37440,DELETE,0,0,0,0
37529,DELETE,0,0,0,0
37663,DELETE,0,0,0,0
37929,DELETE,0,0,0,0
38452,DELETE,0,0,0,0
38524,DELETE,0,0,0,0
41437,DELETE,0,0,0,0
42380,DELETE,0,0,0,0
42398,DELETE,0,0,0,0
42416,DELETE,0,0,0,0
42486,DELETE,0,0,0,0
42916,DELETE,0,0,0,0
42966,DELETE,0,0,0,0
43101,DELETE,0,0,0,0
43580,DELETE,0,0,0,0
43587,DELETE,0,0,0,0
43862,DELETE,0,0,0,0
43958,DELETE,0,0,0,0
44004,DELETE,0,0,0,0
44100,DELETE,0,0,0,0
44146,DELETE,0,0,0,0
47902,DELETE,0,0,0,0
48253,DELETE,0,0,0,0
48334,DELETE,0,0,0,0
48338,DELETE,0,0,0,0
48494,DELETE,0,0,0,0
48581,DELETE,0,0,0,0
48585,DELETE,0,0,0,0
48953,DELETE,0,0,0,0
49042,DELETE,0,0,0,0
49131,DELETE,0,0,0,0
49238,DELETE,0,0,0,0
49347,DELETE,0,0,0,0
49456,DELETE,0,0,0,0
49565,DELETE,0,0,0,0
49825,DELETE,0,0,0,0
50099,DELETE,0,0,0,0
50358,DELETE,0,0,0,0
52534,DELETE,0,0,0,0
52600,DELETE,0,0,0,0
53262,DELETE,0,0,0,0
54204,DELETE,0,0,0,0
57986,DELETE,0,0,0,0
58494,DELETE,0,0,0,0
58814,DELETE,0,0,0,0
61185,DELETE,0,0,0,0
63705,DELETE,0,0,0,0
63836,DELETE,0,0,0,0
63954,DELETE,0,0,0,0
65739,DELETE,0,0,0,0
66697,DELETE,0,0,0,0
66772,DELETE,0,0,0,0
66780,DELETE,0,0,0,0
66781,DELETE,0,0,0,0
67594,DELETE,0,0,0,0
67598,DELETE,0,0,0,0
67599,DELETE,0,0,0,0
74181,DELETE,0,0,0,0
74261,DELETE,0,0,0,0
74308,DELETE,0,0,0,0
74355,DELETE,0,0,0,0
74483,DELETE,0,0,0,0
74575,DELETE,0,0,0,0
74668,DELETE,0,0,0,0
74722,DELETE,0,0,0,0
75647,DELETE,0,0,0,0
76118,DELETE,0,0,0,0
76182,DELETE,0,0,0,0
76243,DELETE,0,0,0,0
76553,DELETE,0,0,0,0
79781,DELETE,0,0,0,0
82603,DELETE,0,0,0,0
83392,DELETE,0,0,0,0
85580,DELETE,0,0,0,0
85826,DELETE,0,0,0,0
90774,DELETE,0,0,0,0
91817,DELETE,0,0,0,0
92873,DELETE,0,0,0,0
93120,DELETE,0,0,0,0
94210,DELETE,0,0,0,0
94408,DELETE,0,0,0,0
94427,DELETE,0,0,0,0
94472,DELETE,0,0,0,0
94529,DELETE,0,0,0,0
94586,DELETE,0,0,0,0
94632,DELETE,0,0,0,0
94678,DELETE,0,0,0,0
94724,DELETE,0,0,0,0
96915,DELETE,0,0,0,0
100684,DELETE,0,0,0,0
100708,DELETE,0,0,0,0
101922,DELETE,0,0,0,0
101925,DELETE,0,0,0,0
104028,DELETE,0,0,0,0
104091,DELETE,0,0,0,0
105150,DELETE,0,0,0,0
105168,DELETE,0,0,0,0
105727,DELETE,0,0,0,0
106380,DELETE,0,0,0,0
108703,DELETE,0,0,0,0
108706,DELETE,0,0,0,0
108952,DELETE,0,0,0,0
108976,DELETE,0,0,0,0
109922,DELETE,0,0,0,0
109985,DELETE,0,0,0,0
111060,DELETE,0,0,0,0
111122,DELETE,0,0,0,0
112193,DELETE,0,0,0,0
112256,DELETE,0,0,0,0
113132,DELETE,0,0,0,0
114342,DELETE,0,0,0,0
118317,DELETE,0,0,0,0
118370,DELETE,0,0,0,0
118627,DELETE,0,0,0,0
125613,DELETE,0,0,0,0
125784,DELETE,0,0,0,0
125995,DELETE,0,0,0,0
126011,DELETE,0,0,0,0
126189,DELETE,0,0,0,0
127139,DELETE,0,0,0,0
132304,DELETE,0,0,0,0
134262,DELETE,0,0,0,0
134374,DELETE,0,0,0,0
134515,DELETE,0,0,0,0
136146,DELETE,0,0,0,0
164895,DELETE,0,0,0,0
179552,DELETE,0,0,0,0
180065,DELETE,0,0,0,0
181285,DELETE,0,0,0,0
181436,DELETE,0,0,0,0
181454,DELETE,0,0,0,0
181754,DELETE,0,0,0,0
181771,DELETE,0,0,0,0
182071,DELETE,0,0,0,0
182075,DELETE,0,0,0,0
182412,DELETE,0,0,0,0
182712,DELETE,0,0,0,0
182805,DELETE,0,0,0,0
183130,DELETE,0,0,0,0
183559,DELETE,0,0,0,0
184101,DELETE,0,0,0,0
186981,DELETE,0,0,0,0
187233,DELETE,0,0,0,0
187533,DELETE,0,0,0,0
187548,DELETE,0,0,0,0
187848,DELETE,0,0,0,0
187863,DELETE,0,0,0,0
188163,DELETE,0,0,0,0
188207,DELETE,0,0,0,0
188532,DELETE,0,0,0,0
188857,DELETE,0,0,0,0
192288,DELETE,0,0,0,0
192338,DELETE,0,0,0,0
192376,DELETE,0,0,0,0
230659,DELETE,0,0,0,0
230810,DELETE,0,0,0,0
232609,DELETE,0,0,0,0
232943,DELETE,0,0,0,0
234048,DELETE,0,0,0,0
234343,DELETE,0,0,0,0
234619,DELETE,0,0,0,0
234681,DELETE,0,0,0,0
234789,DELETE,0,0,0,0
266353,DELETE,0,0,0,0
283161,DELETE,0,0,0,0
283513,DELETE,0,0,0,0
287462,DELETE,0,0,0,0
288135,DELETE,0,0,0,0
290198,DELETE,0,0,0,0
290306,DELETE,0,0,0,0
290983,DELETE,0,0,0,0
291336,DELETE,0,0,0,0
291444,DELETE,0,0,0,0
291735,DELETE,0,0,0,0
291888,DELETE,0,0,0,0
291955,DELETE,0,0,0,0
292633,DELETE,0,0,0,0
292661,DELETE,0,0,0,0
292702,DELETE,0,0,0,0
292887,DELETE,0,0,0,0
293405,DELETE,0,0,0,0
293723,DELETE,0,0,0,0
294391,DELETE,0,0,0,0
294486,DELETE,0,0,0,0
310983,DELETE,0,0,0,0
324614,DELETE,0,0,0,0
332140,DELETE,0,0,0,0
341500,DELETE,0,0,0,0
354428,DELETE,0,0,0,0
356271,DELETE,0,0,0,0
371138,DELETE,0,0,0,0
376924,DELETE,0,0,0,0
377671,DELETE,0,0,0,0
377901,DELETE,0,0,0,0
381262,DELETE,0,0,0,0
381881,DELETE,0,0,0,0
382045,DELETE,0,0,0,0
382212,DELETE,0,0,0,0
449533,DELETE,0,0,0,0
476390,DELETE,0,0,0,0
476527,DELETE,0,0,0,0
477833,DELETE,0,0,0,0
477970,DELETE,0,0,0,0
478283,DELETE,0,0,0,0
478420,DELETE,0,0,0,0
478531,DELETE,0,0,0,0
478845,DELETE,0,0,0,0
479198,DELETE,0,0,0,0
479428,DELETE,0,0,0,0
479538,DELETE,0,0,0,0
479852,DELETE,0,0,0,0
480345,DELETE,0,0,0,0
480482,DELETE,0,0,0,0
480898,DELETE,0,0,0,0
481035,DELETE,0,0,0,0
485777,DELETE,0,0,0,0
496739,DELETE,0,0,0,0
497076,DELETE,0,0,0,0
533725,DELETE,0,0,0,0
536489,DELETE,0,0,0,0
536719,DELETE,0,0,0,0
551808,DELETE,0,0,0,0
551813,DELETE,0,0,0,0
551831,DELETE,0,0,0,0
552133,DELETE,0,0,0,0
552146,DELETE,0,0,0,0
552809,DELETE,0,0,0,0
555577,DELETE,0,0,0,0
555590,DELETE,0,0,0,0
556193,DELETE,0,0,0,0
556381,DELETE,0,0,0,0
556394,DELETE,0,0,0,0
556702,DELETE,0,0,0,0
557318,DELETE,0,0,0,0
557331,DELETE,0,0,0,0
557524,DELETE,0,0,0,0
558444,DELETE,0,0,0,0
558618,DELETE,0,0,0,0
558631,DELETE,0,0,0,0
559241,DELETE,0,0,0,0
559525,DELETE,0,0,0,0
559538,DELETE,0,0,0,0
560108,DELETE,0,0,0,0
561067,DELETE,0,0,0,0
561491,DELETE,0,0,0,0
561504,DELETE,0,0,0,0
562016,DELETE,0,0,0,0
562029,DELETE,0,0,0,0
562886,DELETE,0,0,0,0
563130,DELETE,0,0,0,0
563143,DELETE,0,0,0,0
563593,DELETE,0,0,0,0
563606,DELETE,0,0,0,0
563844,DELETE,0,0,0,0
564793,DELETE,0,0,0,0
565347,DELETE,0,0,0,0
565360,DELETE,0,0,0,0
565848,DELETE,0,0,0,0
565861,DELETE,0,0,0,0
567199,DELETE,0,0,0,0
567212,DELETE,0,0,0,0
567633,DELETE,0,0,0,0
567776,DELETE,0,0,0,0
567789,DELETE,0,0,0,0
568173,DELETE,0,0,0,0
568186,DELETE,0,0,0,0
568549,DELETE,0,0,0,0
568563,DELETE,0,0,0,0
569077,DELETE,0,0,0,0
569090,DELETE,0,0,0,0
569511,DELETE,0,0,0,0
569524,DELETE,0,0,0,0
569683,DELETE,0,0,0,0
569696,DELETE,0,0,0,0
570334,DELETE,0,0,0,0
594831,DELETE,0,0,0,0
595147,DELETE,0,0,0,0
597890,DELETE,0,0,0,0
597903,DELETE,0,0,0,0
597946,DELETE,0,0,0,0
611044,DELETE,0,0,0,0
611297,DELETE,0,0,0,0
611304,DELETE,0,0,0,0
613989,DELETE,0,0,0,0
614108,DELETE,0,0,0,0
614375,DELETE,0,0,0,0
614710,DELETE,0,0,0,0
614822,DELETE,0,0,0,0
615284,DELETE,0,0,0,0
