ElementID,Action,N1,N2,N3,N4
6630,TRIA,9363,7064,9300,0
8397,TRIA,11159,11752,11751,0
8411,TRIA,11775,11111,11365,0
9731,TRIA,12967,12851,12970,0
9932,TRIA,13168,13219,13167,0
10555,DELETE,0,0,0,0
11236,DELETE,0,0,0,0
11266,DELETE,0,0,0,0
11556,TRIA,15552,15553,15339,0
11602,TRIA,15598,15599,15293,0
11606,TRIA,15702,15704,15752,0
11702,TRIA,15653,15753,9873,0
11703,DELETE,0,0,0,0
11704,DELETE,0,0,0,0
11712,TRIA,15763,15764,15761,0
11715,TRIA,15766,13325,13326,0
11832,TRIA,15948,15949,15946,0
11837,TRIA,15953,15763,15762,0
11886,TRIA,16029,16083,16030,0
12631,TRIA,17122,17128,17126,0
12632,TRIA,17122,17123,17121,0
12633,DELETE,0,0,0,0
12634,DELETE,0,0,0,0
12635,DELETE,0,0,0,0
12636,DELETE,0,0,0,0
12651,TRIA,17237,14359,17236,0
12997,TRIA,17620,16058,17619,0
13974,TRIA,19085,17897,17898,0
14171,TRIA,19093,17946,17947,0
14429,TRIA,19330,19337,19328,0
14434,TRIA,19341,19336,19323,0
14479,TRIA,19336,19395,19368,0
14502,TRIA,19417,19394,19345,0
14503,TRIA,19491,19493,19599,0
14613,TRIA,19613,19607,19625,0
14659,TRIA,19329,19628,19330,0
14792,DELETE,0,0,0,0
14976,TRIA,20199,20200,20203,0
14980,DELETE,0,0,0,0
15037,DELETE,0,0,0,0
15087,DELETE,0,0,0,0
15096,DELETE,0,0,0,0
15105,DELETE,0,0,0,0
16214,DELETE,0,0,0,0
16251,DELETE,0,0,0,0
16458,TRIA,21844,22005,22367,0
16497,TRIA,22364,22365,22517,0
17173,TRIA,22365,23329,23328,0
17350,TRIA,23053,23339,23338,0
17586,TRIA,23511,23513,23710,0
17631,TRIA,22233,22232,23873,0
17799,TRIA,24043,23712,24042,0
17879,TRIA,23963,23795,23962,0
18268,TRIA,23513,24980,23511,0
18293,TRIA,22962,23513,22799,0
20672,TRIA,22799,27980,23513,0
20729,TRIA,21844,28358,28268,0
20906,TRIA,21923,28277,28278,0
21703,TRIA,22233,29544,29543,0
21880,TRIA,24143,29554,29553,0
22171,TRIA,30021,30182,30178,0
22494,TRIA,30022,30669,30672,0
22718,TRIA,30020,30267,30022,0
22722,TRIA,30021,30724,30778,0
23611,TRIA,31964,31718,32149,0
23817,TRIA,32423,31966,31964,0
26118,TRIA,35245,35242,34407,0
26186,DELETE,0,0,0,0
26196,TRIA,35291,35289,34364,0
27975,DELETE,0,0,0,0
27976,DELETE,0,0,0,0
29249,TRIA,38217,15111,38227,0
29369,TRIA,14360,38166,14361,0
29429,TRIA,15114,38536,38219,0
30603,DELETE,0,0,0,0
30604,DELETE,0,0,0,0
30611,TRIA,39999,17125,38050,0
30617,DELETE,0,0,0,0
30620,DELETE,0,0,0,0
30726,DELETE,0,0,0,0
33007,TRIA,23712,23873,22243,0
35714,TRIA,45306,45308,45305,0
35804,TRIA,45424,45426,45423,0
35893,TRIA,45540,45542,45539,0
36006,TRIA,45807,45815,45777,0
36028,TRIA,45828,45817,45794,0
36260,TRIA,46103,46122,46102,0
36286,TRIA,46158,46166,46121,0
36885,TRIA,46910,46929,46909,0
36911,TRIA,46965,46973,46763,0
36956,TRIA,47002,47021,47001,0
36982,TRIA,47057,47065,46810,0
37027,TRIA,47094,47113,47093,0
37053,TRIA,47149,47157,46857,0
37126,TRIA,47231,47249,47215,0
37151,TRIA,47278,47232,47289,0
37327,TRIA,47477,47495,47461,0
37352,TRIA,47524,47478,47535,0
37440,TRIA,47563,47565,47562,0
37529,TRIA,47679,47169,47678,0
37638,TRIA,47888,47906,47872,0
37663,TRIA,47935,47889,47946,0
37929,TRIA,48200,48202,48199,0
38313,TRIA,48803,48792,48767,0
38337,TRIA,48808,48816,47948,0
38452,TRIA,48883,48501,48882,0
38499,TRIA,49005,49023,47825,0
38524,TRIA,49052,49006,49063,0
40871,DELETE,0,0,0,0
41437,TRIA,52537,52539,52536,0
42125,DELETE,0,0,0,0
42158,DELETE,0,0,0,0
42191,DELETE,0,0,0,0
42276,DELETE,0,0,0,0
42307,DELETE,0,0,0,0
42338,DELETE,0,0,0,0
42380,TRIA,53813,53431,53812,0
42398,TRIA,53843,53478,53842,0
42416,TRIA,53873,53525,53872,0
42461,TRIA,53913,53931,53897,0
42486,TRIA,53960,53914,53971,0
42891,TRIA,54436,54454,54420,0
42916,TRIA,54483,54437,54494,0
42924,DELETE,0,0,0,0
42966,TRIA,54554,54556,54496,0
42972,DELETE,0,0,0,0
43101,TRIA,54723,54747,54722,0
43127,TRIA,54783,54791,54742,0
43580,TRIA,55344,55346,55343,0
43587,TRIA,55390,55392,55320,0
43617,DELETE,0,0,0,0
43651,DELETE,0,0,0,0
43701,DELETE,0,0,0,0
43862,TRIA,55733,55757,55732,0
43888,TRIA,55793,55801,55752,0
43933,TRIA,55835,55853,55819,0
43958,TRIA,55882,55836,55893,0
44004,TRIA,55931,55941,55930,0
44030,TRIA,55977,55985,55904,0
44075,TRIA,56019,56037,55674,0
44100,TRIA,56066,56020,56077,0
44146,TRIA,56115,56125,56114,0
44172,TRIA,56161,56169,56088,0
47658,DELETE,0,0,0,0
47665,REORDER,60415,60519,60414,60509
47781,DELETE,0,0,0,0
47795,REORDER,60659,60544,60669,60545
47902,TRIA,60704,60706,60703,0
48253,TRIA,61187,60999,61186,0
48334,TRIA,61305,61039,61304,0
48338,TRIA,61281,61283,61280,0
48494,TRIA,61517,55685,61516,0
48581,TRIA,61646,61647,61649,0
48585,TRIA,61669,61670,61618,0
48953,TRIA,61851,62129,61850,0
49042,TRIA,60299,62245,61890,0
49131,TRIA,60244,62361,61930,0
49238,TRIA,62478,62480,62477,0
49347,TRIA,62617,62619,62616,0
49456,TRIA,62756,62758,62755,0
49565,TRIA,62895,62897,62894,0
49596,TRIA,63019,63016,63017,0
49825,TRIA,60857,63212,63209,0
49870,TRIA,63360,63357,55666,0
50099,TRIA,63548,63550,63547,0
50358,TRIA,63853,63855,63852,0
50855,TRIA,64592,64436,63854,0
52534,TRIA,66515,66517,66514,0
52600,TRIA,66601,66603,66600,0
53262,TRIA,67525,67527,67524,0
53274,TRIA,67552,67561,67550,0
54204,TRIA,68761,69135,69134,0
54211,DELETE,0,0,0,0
54212,DELETE,0,0,0,0
54213,DELETE,0,0,0,0
54214,DELETE,0,0,0,0
54215,DELETE,0,0,0,0
54216,DELETE,0,0,0,0
54217,DELETE,0,0,0,0
54218,DELETE,0,0,0,0
54219,DELETE,0,0,0,0
54220,DELETE,0,0,0,0
54221,DELETE,0,0,0,0
54222,DELETE,0,0,0,0
54223,DELETE,0,0,0,0
54225,DELETE,0,0,0,0
54228,DELETE,0,0,0,0
54231,DELETE,0,0,0,0
55862,TRIA,68587,70537,68818,0
56028,DELETE,0,0,0,0
56099,TRIA,68635,70761,68633,0
56572,DELETE,0,0,0,0
56667,DELETE,0,0,0,0
56826,DELETE,0,0,0,0
56916,DELETE,0,0,0,0
56917,DELETE,0,0,0,0
56918,DELETE,0,0,0,0
56919,DELETE,0,0,0,0
57445,DELETE,0,0,0,0
57967,DELETE,0,0,0,0
57968,DELETE,0,0,0,0
57969,DELETE,0,0,0,0
57981,DELETE,0,0,0,0
57982,DELETE,0,0,0,0
57983,DELETE,0,0,0,0
57986,TRIA,72972,72974,72971,0
58494,TRIA,73451,73453,73450,0
58643,TRIA,73660,73752,73452,0
58814,TRIA,73822,73823,73825,0
59362,DELETE,0,0,0,0
60334,REORDER,13917,75822,13916,75821
60381,DELETE,0,0,0,0
61027,TRIA,76412,76407,76410,0
61033,DELETE,0,0,0,0
61129,DELETE,0,0,0,0
61130,DELETE,0,0,0,0
61131,DELETE,0,0,0,0
61132,DELETE,0,0,0,0
61133,DELETE,0,0,0,0
61134,DELETE,0,0,0,0
61135,DELETE,0,0,0,0
61136,DELETE,0,0,0,0
61137,DELETE,0,0,0,0
61138,DELETE,0,0,0,0
61139,DELETE,0,0,0,0
61140,DELETE,0,0,0,0
61141,DELETE,0,0,0,0
61142,DELETE,0,0,0,0
61143,DELETE,0,0,0,0
61144,DELETE,0,0,0,0
61145,DELETE,0,0,0,0
61146,DELETE,0,0,0,0
61147,DELETE,0,0,0,0
61148,DELETE,0,0,0,0
61149,DELETE,0,0,0,0
61150,DELETE,0,0,0,0
61151,DELETE,0,0,0,0
61152,DELETE,0,0,0,0
61153,DELETE,0,0,0,0
61154,DELETE,0,0,0,0
61155,DELETE,0,0,0,0
61156,DELETE,0,0,0,0
61157,DELETE,0,0,0,0
61158,DELETE,0,0,0,0
61159,DELETE,0,0,0,0
61160,DELETE,0,0,0,0
61161,DELETE,0,0,0,0
61162,DELETE,0,0,0,0
61163,DELETE,0,0,0,0
61164,DELETE,0,0,0,0
61165,DELETE,0,0,0,0
61166,DELETE,0,0,0,0
61167,DELETE,0,0,0,0
61168,DELETE,0,0,0,0
61169,DELETE,0,0,0,0
61170,DELETE,0,0,0,0
61185,TRIA,66449,76640,71179,0
63537,DELETE,0,0,0,0
63562,DELETE,0,0,0,0
63601,DELETE,0,0,0,0
63610,TRIA,79387,79388,79396,0
63626,TRIA,79406,79422,79403,0
63628,TRIA,79424,79405,79404,0
63696,DELETE,0,0,0,0
63705,TRIA,79510,79534,79509,0
63721,TRIA,79533,79549,79530,0
63723,TRIA,79551,79532,79531,0
63832,TRIA,79690,79561,79559,0
63836,TRIA,79665,79558,79666,0
63952,TRIA,79738,79840,79832,0
63954,TRIA,79739,79833,79741,0
64007,DELETE,0,0,0,0
64008,DELETE,0,0,0,0
64009,DELETE,0,0,0,0
64010,DELETE,0,0,0,0
64011,DELETE,0,0,0,0
64012,DELETE,0,0,0,0
64013,DELETE,0,0,0,0
64014,DELETE,0,0,0,0
64015,DELETE,0,0,0,0
64016,DELETE,0,0,0,0
65739,TRIA,81369,81497,81498,0
66608,DELETE,0,0,0,0
66697,TRIA,297,298,82799,0
66698,DELETE,0,0,0,0
66699,DELETE,0,0,0,0
66772,TRIA,82906,82908,82925,0
66773,DELETE,0,0,0,0
66774,DELETE,0,0,0,0
66775,DELETE,0,0,0,0
66776,DELETE,0,0,0,0
66777,DELETE,0,0,0,0
66778,DELETE,0,0,0,0
66779,DELETE,0,0,0,0
66780,TRIA,82918,82915,82916,0
66781,TRIA,82927,82929,56301,0
66782,DELETE,0,0,0,0
66783,DELETE,0,0,0,0
66784,DELETE,0,0,0,0
66785,DELETE,0,0,0,0
66786,DELETE,0,0,0,0
66787,DELETE,0,0,0,0
66788,DELETE,0,0,0,0
66789,TRIA,82939,82936,82917,0
67278,TRIA,83988,83186,83187,0
67583,DELETE,0,0,0,0
67584,DELETE,0,0,0,0
67585,DELETE,0,0,0,0
67586,DELETE,0,0,0,0
67587,DELETE,0,0,0,0
67588,DELETE,0,0,0,0
67589,DELETE,0,0,0,0
67590,DELETE,0,0,0,0
67591,DELETE,0,0,0,0
67592,DELETE,0,0,0,0
67593,DELETE,0,0,0,0
67594,TRIA,83129,83146,83147,0
67595,DELETE,0,0,0,0
67596,DELETE,0,0,0,0
67597,DELETE,0,0,0,0
67598,TRIA,83132,83075,72009,0
67599,TRIA,83130,84207,84206,0
68332,TRIA,84828,82974,82975,0
70383,TRIA,86598,86841,19886,0
70386,DELETE,0,0,0,0
74142,DELETE,0,0,0,0
74160,TRIA,91517,46032,46031,0
74181,TRIA,91515,45652,91566,0
74214,DELETE,0,0,0,0
74215,DELETE,0,0,0,0
74216,DELETE,0,0,0,0
74217,DELETE,0,0,0,0
74218,DELETE,0,0,0,0
74236,TRIA,91605,46627,45540,0
74261,TRIA,91603,45539,91638,0
74265,DELETE,0,0,0,0
74283,TRIA,91659,46667,45424,0
74308,TRIA,91657,45423,91692,0
74312,DELETE,0,0,0,0
74330,TRIA,91713,46707,45306,0
74355,TRIA,91711,45305,91746,0
74359,DELETE,0,0,0,0
74360,DELETE,0,0,0,0
74361,DELETE,0,0,0,0
74362,DELETE,0,0,0,0
74363,DELETE,0,0,0,0
74364,DELETE,0,0,0,0
74365,DELETE,0,0,0,0
74366,DELETE,0,0,0,0
74367,DELETE,0,0,0,0
74368,DELETE,0,0,0,0
74369,DELETE,0,0,0,0
74370,DELETE,0,0,0,0
74440,DELETE,0,0,0,0
74451,TRIA,47167,91877,47679,0
74483,TRIA,47168,91893,47169,0
74532,DELETE,0,0,0,0
74543,TRIA,47777,56803,47563,0
74575,TRIA,47778,92001,47565,0
74578,DELETE,0,0,0,0
74579,DELETE,0,0,0,0
74580,DELETE,0,0,0,0
74581,DELETE,0,0,0,0
74621,DELETE,0,0,0,0
74622,DELETE,0,0,0,0
74623,DELETE,0,0,0,0
74624,DELETE,0,0,0,0
74625,DELETE,0,0,0,0
74643,TRIA,48499,92095,48883,0
74668,TRIA,48500,92111,48501,0
74671,DELETE,0,0,0,0
74672,DELETE,0,0,0,0
74673,DELETE,0,0,0,0
74674,DELETE,0,0,0,0
74675,DELETE,0,0,0,0
74676,DELETE,0,0,0,0
74677,DELETE,0,0,0,0
74678,DELETE,0,0,0,0
74679,DELETE,0,0,0,0
74697,TRIA,48825,92158,48200,0
74722,TRIA,48448,92174,48202,0
75594,TRIA,52536,93212,52538,0
75608,TRIA,93200,52602,93198,0
75647,TRIA,93199,52602,93253,0
76065,TRIA,53656,93787,93788,0
76079,TRIA,93775,53431,53791,0
76118,TRIA,93789,93823,53656,0
76122,TRIA,93847,53478,53821,0
76140,TRIA,53701,93859,93860,0
76182,TRIA,93861,93898,53701,0
76190,TRIA,53746,93934,93935,0
76204,TRIA,93922,53525,53851,0
76243,TRIA,93936,93970,53746,0
76312,TRIA,54496,94059,54555,0
76493,TRIA,94290,55412,94288,0
76511,TRIA,55343,94302,55345,0
76553,TRIA,94289,55412,94346,0
77049,DELETE,0,0,0,0
77050,DELETE,0,0,0,0
77051,DELETE,0,0,0,0
77052,DELETE,0,0,0,0
77053,DELETE,0,0,0,0
77054,DELETE,0,0,0,0
77055,DELETE,0,0,0,0
77056,DELETE,0,0,0,0
77057,DELETE,0,0,0,0
77058,DELETE,0,0,0,0
77059,DELETE,0,0,0,0
77060,DELETE,0,0,0,0
77061,DELETE,0,0,0,0
77062,DELETE,0,0,0,0
77063,DELETE,0,0,0,0
77064,DELETE,0,0,0,0
79781,TRIA,46031,45653,91550,0
82603,TRIA,94931,45426,91692,0
83392,TRIA,94921,45308,91746,0
85580,TRIA,45540,45542,91638,0
85826,TRIA,103843,103844,103846,0
86897,DELETE,0,0,0,0
86898,DELETE,0,0,0,0
86899,DELETE,0,0,0,0
86900,DELETE,0,0,0,0
86901,DELETE,0,0,0,0
86902,DELETE,0,0,0,0
86903,DELETE,0,0,0,0
86904,DELETE,0,0,0,0
86905,DELETE,0,0,0,0
86906,DELETE,0,0,0,0
86907,DELETE,0,0,0,0
86908,DELETE,0,0,0,0
86909,DELETE,0,0,0,0
86910,DELETE,0,0,0,0
86911,DELETE,0,0,0,0
86912,DELETE,0,0,0,0
90774,TRIA,48882,48883,92111,0
91817,TRIA,48200,92174,48199,0
92749,REORDER,111374,91871,111455,91870
92873,TRIA,47563,92001,47562,0
93120,TRIA,111536,111537,111457,0
94210,TRIA,47679,91893,47678,0
94257,DELETE,0,0,0,0
94258,DELETE,0,0,0,0
94259,DELETE,0,0,0,0
94260,DELETE,0,0,0,0
94261,DELETE,0,0,0,0
94262,DELETE,0,0,0,0
94263,DELETE,0,0,0,0
94264,DELETE,0,0,0,0
94265,DELETE,0,0,0,0
94266,DELETE,0,0,0,0
94267,DELETE,0,0,0,0
94268,DELETE,0,0,0,0
94269,DELETE,0,0,0,0
94270,DELETE,0,0,0,0
94271,DELETE,0,0,0,0
94272,DELETE,0,0,0,0
94273,DELETE,0,0,0,0
94274,DELETE,0,0,0,0
94275,DELETE,0,0,0,0
94276,DELETE,0,0,0,0
94277,DELETE,0,0,0,0
94278,DELETE,0,0,0,0
94279,DELETE,0,0,0,0
94280,DELETE,0,0,0,0
94281,DELETE,0,0,0,0
94282,DELETE,0,0,0,0
94283,DELETE,0,0,0,0
94284,DELETE,0,0,0,0
94285,DELETE,0,0,0,0
94286,DELETE,0,0,0,0
94287,DELETE,0,0,0,0
94288,DELETE,0,0,0,0
94353,DELETE,0,0,0,0
94354,DELETE,0,0,0,0
94355,DELETE,0,0,0,0
94356,DELETE,0,0,0,0
94357,DELETE,0,0,0,0
94358,DELETE,0,0,0,0
94359,DELETE,0,0,0,0
94360,DELETE,0,0,0,0
94361,DELETE,0,0,0,0
94362,DELETE,0,0,0,0
94363,DELETE,0,0,0,0
94364,DELETE,0,0,0,0
94365,DELETE,0,0,0,0
94376,TRIA,60902,112946,60704,0
94408,TRIA,60705,112962,60706,0
94427,TRIA,60130,112985,60999,0
94447,TRIA,60157,113013,61187,0
94472,TRIA,60812,113037,61039,0
94485,TRIA,60811,113066,61305,0
94501,DELETE,0,0,0,0
94502,DELETE,0,0,0,0
94503,DELETE,0,0,0,0
94504,DELETE,0,0,0,0
94505,DELETE,0,0,0,0
94506,DELETE,0,0,0,0
94507,DELETE,0,0,0,0
94508,DELETE,0,0,0,0
94509,DELETE,0,0,0,0
94510,DELETE,0,0,0,0
94511,DELETE,0,0,0,0
94512,DELETE,0,0,0,0
94529,TRIA,55686,113105,55685,0
94542,TRIA,60212,113134,61517,0
94558,DELETE,0,0,0,0
94559,DELETE,0,0,0,0
94560,DELETE,0,0,0,0
94561,DELETE,0,0,0,0
94562,DELETE,0,0,0,0
94563,DELETE,0,0,0,0
94564,DELETE,0,0,0,0
94565,DELETE,0,0,0,0
94566,DELETE,0,0,0,0
94567,DELETE,0,0,0,0
94568,DELETE,0,0,0,0
94569,DELETE,0,0,0,0
94586,TRIA,61648,61646,113185,0
94607,TRIA,113196,54661,61809,0
94632,TRIA,62128,61850,113239,0
94653,TRIA,113249,55626,61851,0
94678,TRIA,62244,61890,113292,0
94699,TRIA,113302,60300,60299,0
94724,TRIA,62360,61930,113345,0
94745,TRIA,113355,60245,60244,0
94754,DELETE,0,0,0,0
94755,DELETE,0,0,0,0
94756,DELETE,0,0,0,0
94757,DELETE,0,0,0,0
94758,DELETE,0,0,0,0
94759,DELETE,0,0,0,0
94760,DELETE,0,0,0,0
94761,DELETE,0,0,0,0
94762,DELETE,0,0,0,0
94763,DELETE,0,0,0,0
94764,DELETE,0,0,0,0
94765,DELETE,0,0,0,0
94766,DELETE,0,0,0,0
94767,DELETE,0,0,0,0
94768,DELETE,0,0,0,0
94769,DELETE,0,0,0,0
94770,DELETE,0,0,0,0
94771,DELETE,0,0,0,0
94772,DELETE,0,0,0,0
94773,DELETE,0,0,0,0
94774,DELETE,0,0,0,0
94775,DELETE,0,0,0,0
94776,DELETE,0,0,0,0
94777,DELETE,0,0,0,0
95180,DELETE,0,0,0,0
95181,DELETE,0,0,0,0
95182,DELETE,0,0,0,0
95183,DELETE,0,0,0,0
95184,DELETE,0,0,0,0
95185,DELETE,0,0,0,0
95186,DELETE,0,0,0,0
95187,DELETE,0,0,0,0
95188,DELETE,0,0,0,0
95609,DELETE,0,0,0,0
96915,TRIA,115323,115572,115618,0
96948,DELETE,0,0,0,0
96949,DELETE,0,0,0,0
96950,DELETE,0,0,0,0
96951,DELETE,0,0,0,0
96952,DELETE,0,0,0,0
96953,DELETE,0,0,0,0
96954,DELETE,0,0,0,0
96955,DELETE,0,0,0,0
96956,DELETE,0,0,0,0
97268,TRIA,116003,115953,115663,0
100684,TRIA,71875,119446,119725,0
100691,DELETE,0,0,0,0
100692,DELETE,0,0,0,0
100693,DELETE,0,0,0,0
100694,DELETE,0,0,0,0
100695,DELETE,0,0,0,0
100696,DELETE,0,0,0,0
100697,DELETE,0,0,0,0
100698,DELETE,0,0,0,0
100699,DELETE,0,0,0,0
100700,DELETE,0,0,0,0
100701,DELETE,0,0,0,0
100702,DELETE,0,0,0,0
100703,DELETE,0,0,0,0
100704,DELETE,0,0,0,0
100708,TRIA,119528,71844,119562,0
100715,DELETE,0,0,0,0
100716,DELETE,0,0,0,0
100717,DELETE,0,0,0,0
100718,DELETE,0,0,0,0
100719,DELETE,0,0,0,0
100720,DELETE,0,0,0,0
100721,DELETE,0,0,0,0
100722,DELETE,0,0,0,0
100723,DELETE,0,0,0,0
100724,DELETE,0,0,0,0
100725,DELETE,0,0,0,0
100726,DELETE,0,0,0,0
100727,DELETE,0,0,0,0
100728,DELETE,0,0,0,0
101490,DELETE,0,0,0,0
101922,TRIA,120786,121067,63744,0
101925,TRIA,72316,72315,121057,0
101928,DELETE,0,0,0,0
101929,DELETE,0,0,0,0
101930,DELETE,0,0,0,0
101931,DELETE,0,0,0,0
101932,DELETE,0,0,0,0
101933,DELETE,0,0,0,0
101934,DELETE,0,0,0,0
101935,DELETE,0,0,0,0
101936,DELETE,0,0,0,0
101937,DELETE,0,0,0,0
101938,DELETE,0,0,0,0
101939,DELETE,0,0,0,0
101940,DELETE,0,0,0,0
101941,DELETE,0,0,0,0
101942,DELETE,0,0,0,0
104028,TRIA,122398,63211,63209,0
104045,DELETE,0,0,0,0
104091,TRIA,63357,122317,122319,0
105150,TRIA,63549,124555,123547,0
105168,TRIA,60704,112962,60703,0
105214,DELETE,0,0,0,0
105216,DELETE,0,0,0,0
105217,DELETE,0,0,0,0
105218,DELETE,0,0,0,0
105219,DELETE,0,0,0,0
105727,TRIA,63017,124682,63016,0
106380,TRIA,125109,63359,63357,0
108703,TRIA,127826,72774,127868,0
108706,TRIA,127811,128044,74033,0
108709,DELETE,0,0,0,0
108710,DELETE,0,0,0,0
108711,DELETE,0,0,0,0
108712,DELETE,0,0,0,0
108713,DELETE,0,0,0,0
108714,DELETE,0,0,0,0
108715,DELETE,0,0,0,0
108716,DELETE,0,0,0,0
108717,DELETE,0,0,0,0
108718,DELETE,0,0,0,0
108719,DELETE,0,0,0,0
108720,DELETE,0,0,0,0
108721,DELETE,0,0,0,0
108722,DELETE,0,0,0,0
108723,DELETE,0,0,0,0
108952,TRIA,128158,72610,128198,0
108959,DELETE,0,0,0,0
108960,DELETE,0,0,0,0
108961,DELETE,0,0,0,0
108962,DELETE,0,0,0,0
108963,DELETE,0,0,0,0
108964,DELETE,0,0,0,0
108965,DELETE,0,0,0,0
108966,DELETE,0,0,0,0
108967,DELETE,0,0,0,0
108968,DELETE,0,0,0,0
108969,DELETE,0,0,0,0
108970,DELETE,0,0,0,0
108971,DELETE,0,0,0,0
108972,DELETE,0,0,0,0
108976,TRIA,72577,128076,128354,0
108983,DELETE,0,0,0,0
108984,DELETE,0,0,0,0
108985,DELETE,0,0,0,0
108986,DELETE,0,0,0,0
108987,DELETE,0,0,0,0
108988,DELETE,0,0,0,0
108989,DELETE,0,0,0,0
108990,DELETE,0,0,0,0
108991,DELETE,0,0,0,0
108992,DELETE,0,0,0,0
108993,DELETE,0,0,0,0
108994,DELETE,0,0,0,0
108995,DELETE,0,0,0,0
108996,DELETE,0,0,0,0
109922,TRIA,62617,128486,129476,0
109985,TRIA,62895,62897,128565,0
111060,TRIA,62897,62896,129588,0
111122,TRIA,129667,60240,62758,0
112193,TRIA,62478,130832,131828,0
112256,TRIA,55621,62619,130911,0
112560,REORDER,16142,132082,131995,132684
113132,TRIA,132022,54656,62480,0
113197,REORDER,132881,16624,133894,132805
114342,TRIA,62758,62756,132717,0
116992,TRIA,137466,136383,136384,0
117784,DELETE,0,0,0,0
117786,TRIA,136343,136618,136341,0
118302,TRIA,138105,136289,136290,0
118317,TRIA,138211,136247,137777,0
118370,TRIA,13894,138298,13895,0
118436,TRIA,14059,138286,14038,0
118627,TRIA,138292,136556,138399,0
120322,DELETE,0,0,0,0
120330,DELETE,0,0,0,0
120347,TRIA,704,140205,82796,0
120377,TRIA,140197,140275,140195,0
122593,DELETE,0,0,0,0
122594,DELETE,0,0,0,0
122595,DELETE,0,0,0,0
122596,DELETE,0,0,0,0
122597,DELETE,0,0,0,0
122598,DELETE,0,0,0,0
122599,DELETE,0,0,0,0
122600,DELETE,0,0,0,0
122601,DELETE,0,0,0,0
122602,DELETE,0,0,0,0
122603,DELETE,0,0,0,0
122604,DELETE,0,0,0,0
122605,DELETE,0,0,0,0
122606,DELETE,0,0,0,0
122607,DELETE,0,0,0,0
122608,DELETE,0,0,0,0
122609,DELETE,0,0,0,0
122610,DELETE,0,0,0,0
123065,DELETE,0,0,0,0
124000,DELETE,0,0,0,0
124116,DELETE,0,0,0,0
124963,DELETE,0,0,0,0
124971,DELETE,0,0,0,0
125297,DELETE,0,0,0,0
125613,TRIA,17572,17596,66530,0
125784,TRIA,17596,145889,146091,0
125995,TRIA,146314,141523,146349,0
126008,DELETE,0,0,0,0
126011,TRIA,13329,17562,13330,0
126189,TRIA,146462,147285,146765,0
127125,TRIA,147490,19859,19860,0
127139,TRIA,138593,138594,19859,0
127222,DELETE,0,0,0,0
127224,DELETE,0,0,0,0
127822,DELETE,0,0,0,0
128079,DELETE,0,0,0,0
129618,DELETE,0,0,0,0
129620,DELETE,0,0,0,0
132304,TRIA,12906,153557,153556,0
132421,TRIA,153613,153614,64742,0
134262,TRIA,15347,156002,156001,0
134367,DELETE,0,0,0,0
134374,TRIA,71586,156057,156056,0
134489,DELETE,0,0,0,0
134515,TRIA,156482,156192,156481,0
134874,DELETE,0,0,0,0
135215,DELETE,0,0,0,0
135223,DELETE,0,0,0,0
136058,TRIA,158250,158249,157959,0
136146,TRIA,158305,157916,158304,0
136288,DELETE,0,0,0,0
136587,DELETE,0,0,0,0
136628,TRIA,158660,158667,158126,0
136636,TRIA,158669,158659,158123,0
156132,DELETE,0,0,0,0
157633,DELETE,0,0,0,0
160173,DELETE,0,0,0,0
160174,DELETE,0,0,0,0
160175,DELETE,0,0,0,0
160176,DELETE,0,0,0,0
160177,DELETE,0,0,0,0
160178,DELETE,0,0,0,0
160179,DELETE,0,0,0,0
160180,DELETE,0,0,0,0
160181,DELETE,0,0,0,0
160182,DELETE,0,0,0,0
160183,DELETE,0,0,0,0
162305,DELETE,0,0,0,0
162306,DELETE,0,0,0,0
162307,DELETE,0,0,0,0
162308,DELETE,0,0,0,0
162309,DELETE,0,0,0,0
162310,DELETE,0,0,0,0
162311,DELETE,0,0,0,0
162312,DELETE,0,0,0,0
162313,DELETE,0,0,0,0
162314,DELETE,0,0,0,0
162315,DELETE,0,0,0,0
163898,DELETE,0,0,0,0
163976,DELETE,0,0,0,0
164893,TRIA,190362,190346,72316,0
164895,TRIA,120801,190317,190361,0
165012,DELETE,0,0,0,0
165015,TRIA,190470,190532,127811,0
165062,TRIA,190542,115325,115324,0
165096,DELETE,0,0,0,0
165133,TRIA,115662,190643,115664,0
165164,DELETE,0,0,0,0
179552,TRIA,206620,206621,205942,0
180065,TRIA,207165,206594,207164,0
181285,TRIA,208690,208692,208689,0
181436,TRIA,208945,208947,208944,0
181440,DELETE,0,0,0,0
181454,TRIA,59069,59864,99737,0
181754,TRIA,46793,99816,46792,0
181757,DELETE,0,0,0,0
181771,TRIA,58961,59809,102789,0
182071,TRIA,46746,102868,46745,0
182074,DELETE,0,0,0,0
182075,TRIA,100874,58437,210144,0
182398,DELETE,0,0,0,0
182412,TRIA,58757,59699,96791,0
182712,TRIA,46172,96870,46171,0
182747,DELETE,0,0,0,0
182767,TRIA,59068,101579,94925,0
182805,TRIA,94935,58960,99816,0
183130,TRIA,94955,58756,102868,0
183559,TRIA,94945,58436,96870,0
184101,TRIA,46840,101579,46839,0
184174,DELETE,0,0,0,0
186540,DELETE,0,0,0,0
186869,DELETE,0,0,0,0
186898,DELETE,0,0,0,0
186981,TRIA,48716,56797,215381,0
187222,DELETE,0,0,0,0
187233,TRIA,48673,109450,60032,0
187533,TRIA,105230,48453,109371,0
187537,DELETE,0,0,0,0
187548,TRIA,48452,111843,59977,0
187848,TRIA,105240,47818,111764,0
187852,DELETE,0,0,0,0
187863,TRIA,47817,110490,59922,0
188163,TRIA,105215,48717,110411,0
188169,TRIA,109284,58309,58308,0
188207,TRIA,58131,109371,58132,0
188532,TRIA,57971,111764,57972,0
188857,TRIA,56798,110411,57812,0
189172,DELETE,0,0,0,0
189548,TRIA,48674,109284,105220,0
190691,DELETE,0,0,0,0
192275,DELETE,0,0,0,0
192276,DELETE,0,0,0,0
192277,DELETE,0,0,0,0
192278,DELETE,0,0,0,0
192279,DELETE,0,0,0,0
192280,DELETE,0,0,0,0
192281,DELETE,0,0,0,0
192282,DELETE,0,0,0,0
192283,DELETE,0,0,0,0
192284,DELETE,0,0,0,0
192285,DELETE,0,0,0,0
192286,DELETE,0,0,0,0
192287,DELETE,0,0,0,0
192288,TRIA,221210,221212,221209,0
192308,TRIA,115325,221251,115323,0
192325,DELETE,0,0,0,0
192326,DELETE,0,0,0,0
192327,DELETE,0,0,0,0
192328,DELETE,0,0,0,0
192329,DELETE,0,0,0,0
192330,DELETE,0,0,0,0
192331,DELETE,0,0,0,0
192332,DELETE,0,0,0,0
192333,DELETE,0,0,0,0
192334,DELETE,0,0,0,0
192335,DELETE,0,0,0,0
192336,DELETE,0,0,0,0
192337,DELETE,0,0,0,0
192338,TRIA,221283,221285,221282,0
192346,TRIA,221297,115662,115663,0
192363,DELETE,0,0,0,0
192364,DELETE,0,0,0,0
192365,DELETE,0,0,0,0
192366,DELETE,0,0,0,0
192367,DELETE,0,0,0,0
192368,DELETE,0,0,0,0
192369,DELETE,0,0,0,0
192370,DELETE,0,0,0,0
192371,DELETE,0,0,0,0
192372,DELETE,0,0,0,0
192373,DELETE,0,0,0,0
192374,DELETE,0,0,0,0
192375,DELETE,0,0,0,0
192376,TRIA,221336,221338,221335,0
193668,REORDER,221957,64624,222920,63744
196054,REORDER,73333,224617,72774,225582
230659,TRIA,208691,261621,208692,0
230810,TRIA,208946,208944,261828,0
232587,DELETE,0,0,0,0
232588,DELETE,0,0,0,0
232589,DELETE,0,0,0,0
232590,DELETE,0,0,0,0
232592,DELETE,0,0,0,0
232594,DELETE,0,0,0,0
232595,DELETE,0,0,0,0
232598,TRIA,264331,264351,136341,0
232609,TRIA,263139,68818,68587,0
232943,TRIA,264765,67235,146298,0
233219,DELETE,0,0,0,0
233909,TRIA,265839,265927,34407,0
233952,TRIA,265969,264073,34364,0
234048,TRIA,142354,266103,266100,0
234084,REORDER,71165,266169,71164,266217
234089,REORDER,266210,71042,266218,71041
234111,TRIA,154509,266165,154426,0
234284,DELETE,0,0,0,0
234343,TRIA,115324,115322,190542,0
234560,DELETE,0,0,0,0
234619,TRIA,115664,190643,115665,0
234681,TRIA,266953,266935,266950,0
234765,DELETE,0,0,0,0
234784,DELETE,0,0,0,0
234785,DELETE,0,0,0,0
234786,DELETE,0,0,0,0
234787,DELETE,0,0,0,0
234788,DELETE,0,0,0,0
234789,TRIA,264322,267093,264321,0
248361,REORDER,283210,281605,284433,281604
251003,DELETE,0,0,0,0
252162,TRIA,287706,287707,284818,0
255556,REORDER,292005,289195,292364,289366
256419,DELETE,0,0,0,0
257917,DELETE,0,0,0,0
266353,TRIA,294500,290842,304179,0
272851,DELETE,0,0,0,0
273094,TRIA,311196,311533,311194,0
273779,DELETE,0,0,0,0
274024,TRIA,313232,311196,311195,0
277202,DELETE,0,0,0,0
278674,TRIA,318618,317698,311194,0
283161,TRIA,71590,323620,323623,0
283265,DELETE,0,0,0,0
283513,TRIA,323890,15343,15342,0
283599,DELETE,0,0,0,0
286833,DELETE,0,0,0,0
286872,DELETE,0,0,0,0
286902,TRIA,11110,324625,11112,0
287006,REORDER,328167,327434,327819,79870
287044,DELETE,0,0,0,0
287080,TRIA,262325,136246,327557,0
287086,DELETE,0,0,0,0
287130,TRIA,118543,74291,327543,0
287182,TRIA,74304,325280,74305,0
287433,TRIA,324732,74304,327528,0
287447,TRIA,136246,324721,136248,0
287462,TRIA,73828,328009,327446,0
288135,TRIA,328917,11111,262182,0
290198,TRIA,83188,326091,331191,0
290289,DELETE,0,0,0,0
290290,DELETE,0,0,0,0
290291,DELETE,0,0,0,0
290292,DELETE,0,0,0,0
290293,DELETE,0,0,0,0
290294,DELETE,0,0,0,0
290295,DELETE,0,0,0,0
290296,DELETE,0,0,0,0
290297,DELETE,0,0,0,0
290298,DELETE,0,0,0,0
290299,DELETE,0,0,0,0
290300,DELETE,0,0,0,0
290301,DELETE,0,0,0,0
290306,TRIA,327325,74396,74395,0
290402,DELETE,0,0,0,0
290403,DELETE,0,0,0,0
290404,DELETE,0,0,0,0
290405,DELETE,0,0,0,0
290406,DELETE,0,0,0,0
290407,DELETE,0,0,0,0
290408,DELETE,0,0,0,0
290409,DELETE,0,0,0,0
290410,DELETE,0,0,0,0
290411,DELETE,0,0,0,0
290412,DELETE,0,0,0,0
290413,DELETE,0,0,0,0
290414,DELETE,0,0,0,0
290983,TRIA,66792,66791,145149,0
291188,TRIA,329864,332201,34365,0
291231,TRIA,332243,323444,34408,0
291240,REORDER,76449,332451,76448,332390
291264,REORDER,332388,71726,332453,71727
291281,DELETE,0,0,0,0
291316,DELETE,0,0,0,0
291336,TRIA,157917,157915,325324,0
291429,DELETE,0,0,0,0
291443,DELETE,0,0,0,0
291444,TRIA,17897,17898,263279,0
291486,DELETE,0,0,0,0
291503,DELETE,0,0,0,0
291506,TRIA,325366,332789,156192,0
291735,TRIA,17899,17897,326586,0
291888,TRIA,157915,157916,262520,0
291955,TRIA,262509,156193,156191,0
291992,REORDER,333234,138428,333305,138429
292008,REORDER,117392,333306,117391,333248
292036,REORDER,333246,117527,333307,117528
292052,TRIA,333130,71500,327368,0
292083,REORDER,138579,333308,138578,333236
292087,DELETE,0,0,0,0
292174,TRIA,325323,157961,157960,0
292253,TRIA,156237,325367,156235,0
292358,TRIA,326585,17949,17948,0
292602,TRIA,17949,263229,17947,0
292633,TRIA,157966,140284,142355,0
292661,TRIA,262454,157959,157961,0
292702,TRIA,156237,156236,262465,0
292887,TRIA,182096,154762,334064,0
292912,REORDER,66952,334260,66953,334319
292918,REORDER,334263,67418,334320,67363
292954,REORDER,334262,67088,334321,67089
293005,REORDER,67264,334306,67207,334322
293405,TRIA,115323,221251,115322,0
293723,TRIA,115663,115665,221297,0
294391,TRIA,264315,335710,335712,0
294486,TRIA,335858,335859,335899,0
301189,DELETE,0,0,0,0
303929,DELETE,0,0,0,0
310983,TRIA,206622,353633,353632,0
311297,TRIA,353713,206596,352970,0
311816,TRIA,205821,354456,205820,0
312127,TRIA,206596,354196,206595,0
314318,TRIA,290843,354606,304194,0
315689,DELETE,0,0,0,0
317056,TRIA,358545,359239,311195,0
324614,TRIA,367618,368901,367617,0
327467,TRIA,372166,365163,365164,0
332140,TRIA,374619,376597,377176,0
335140,TRIA,374620,380772,376596,0
338068,DELETE,0,0,0,0
338069,DELETE,0,0,0,0
338070,DELETE,0,0,0,0
338071,DELETE,0,0,0,0
338072,DELETE,0,0,0,0
338073,DELETE,0,0,0,0
338074,DELETE,0,0,0,0
338075,DELETE,0,0,0,0
338076,DELETE,0,0,0,0
338077,DELETE,0,0,0,0
338078,DELETE,0,0,0,0
338079,DELETE,0,0,0,0
338080,DELETE,0,0,0,0
338081,DELETE,0,0,0,0
338082,DELETE,0,0,0,0
338532,DELETE,0,0,0,0
338533,DELETE,0,0,0,0
338534,DELETE,0,0,0,0
338535,DELETE,0,0,0,0
338536,DELETE,0,0,0,0
338537,DELETE,0,0,0,0
338538,DELETE,0,0,0,0
338539,DELETE,0,0,0,0
338540,DELETE,0,0,0,0
338541,DELETE,0,0,0,0
338542,DELETE,0,0,0,0
338543,DELETE,0,0,0,0
338544,DELETE,0,0,0,0
338545,DELETE,0,0,0,0
338546,DELETE,0,0,0,0
338615,REORDER,383564,383527,383526,383566
341156,TRIA,373429,385402,287617,0
341500,TRIA,304194,381686,386841,0
342050,DELETE,0,0,0,0
342826,DELETE,0,0,0,0
354428,TRIA,400348,401000,397910,0
356271,TRIA,403233,400349,403153,0
359407,TRIA,406187,382575,405707,0
361124,TRIA,407797,407798,382577,0
361300,DELETE,0,0,0,0
362375,DELETE,0,0,0,0
363235,DELETE,0,0,0,0
366844,DELETE,0,0,0,0
367924,DELETE,0,0,0,0
368782,DELETE,0,0,0,0
370579,DELETE,0,0,0,0
371138,TRIA,383109,383111,418952,0
372840,TRIA,420677,420678,418549,0
374598,REORDER,383526,422580,422578,383527
374677,TRIA,422693,422694,422691,0
375300,TRIA,422690,423187,422692,0
376610,TRIA,424561,424562,424559,0
376611,DELETE,0,0,0,0
376924,TRIA,424884,424788,424883,0
377671,TRIA,424560,424702,424806,0
377901,TRIA,424787,425994,425995,0
381262,TRIA,208690,429499,429981,0
381881,TRIA,208691,429481,261621,0
382045,TRIA,284818,430293,373429,0
382212,TRIA,208945,431060,430433,0
382819,TRIA,261828,430436,208946,0
384218,TRIA,431528,381686,290842,0
388873,TRIA,438464,438465,422692,0
390020,DELETE,0,0,0,0
391035,DELETE,0,0,0,0
393143,DELETE,0,0,0,0
410563,DELETE,0,0,0,0
413577,TRIA,465633,465634,437842,0
420133,REORDER,472665,472667,472666,460495
420147,REORDER,460495,472669,460496,472665
423289,REORDER,476097,475415,476098,476099
423304,REORDER,475414,476097,475415,476101
429105,DELETE,0,0,0,0
433725,TRIA,486953,486954,424787,0
436786,TRIA,490122,490123,486341,0
444565,REORDER,498215,461424,498216,498217
444580,REORDER,461423,498215,461424,498219
445533,TRIA,499849,499319,499133,0
447901,REORDER,501859,501861,501860,500856
447915,REORDER,500856,501863,500855,501859
449533,TRIA,503955,499134,499319,0
460377,DELETE,0,0,0,0
476188,TRIA,532101,532128,531726,0
476390,TRIA,48728,532182,532177,0
476502,TRIA,532231,532236,532071,0
476527,TRIA,46186,532290,532263,0
477631,TRIA,534047,534074,533672,0
477833,TRIA,47829,534128,534123,0
477945,TRIA,534177,534182,534017,0
477970,TRIA,46759,534236,534209,0
478081,TRIA,534612,534639,534237,0
478283,TRIA,48464,534693,534688,0
478395,TRIA,534742,534747,534582,0
478420,TRIA,46806,534801,534774,0
478531,TRIA,46853,535204,535177,0
478733,TRIA,535253,535258,535093,0
478845,TRIA,48685,535312,535307,0
478870,TRIA,535339,535366,535147,0
479198,TRIA,61132,535716,535714,0
479201,TRIA,535713,535715,535603,0
479425,TRIA,535825,535827,535712,0
479428,TRIA,61768,535826,535824,0
479538,TRIA,61974,536494,536467,0
479740,TRIA,536543,536548,536148,0
479852,TRIA,61087,536602,536597,0
479877,TRIA,536629,536656,536202,0
480143,TRIA,537242,537269,536977,0
480345,TRIA,60869,537323,537318,0
480457,TRIA,537372,537377,536923,0
480482,TRIA,62019,537431,537404,0
480696,TRIA,537964,537991,537699,0
480898,TRIA,55678,538045,538040,0
481010,TRIA,538094,538099,537645,0
481035,TRIA,62064,538153,538126,0
482612,DELETE,0,0,0,0
483129,DELETE,0,0,0,0
483221,DELETE,0,0,0,0
483408,TRIA,540933,541058,540931,0
483449,TRIA,541098,540977,540978,0
483544,DELETE,0,0,0,0
483653,DELETE,0,0,0,0
483745,DELETE,0,0,0,0
485167,TRIA,543163,543164,538841,0
485316,DELETE,0,0,0,0
485317,DELETE,0,0,0,0
485318,DELETE,0,0,0,0
485319,DELETE,0,0,0,0
485320,DELETE,0,0,0,0
485321,DELETE,0,0,0,0
485322,DELETE,0,0,0,0
485323,DELETE,0,0,0,0
485324,DELETE,0,0,0,0
485325,DELETE,0,0,0,0
485326,DELETE,0,0,0,0
485734,TRIA,543815,543825,541347,0
485777,TRIA,543854,540931,543864,0
486007,DELETE,0,0,0,0
486327,DELETE,0,0,0,0
486419,DELETE,0,0,0,0
486420,DELETE,0,0,0,0
486479,DELETE,0,0,0,0
486482,DELETE,0,0,0,0
486513,DELETE,0,0,0,0
486966,DELETE,0,0,0,0
491091,DELETE,0,0,0,0
491293,DELETE,0,0,0,0
493125,DELETE,0,0,0,0
494332,DELETE,0,0,0,0
496739,TRIA,556528,556236,541452,0
497057,DELETE,0,0,0,0
497076,TRIA,556732,556639,556740,0
497106,DELETE,0,0,0,0
497824,DELETE,0,0,0,0
498035,DELETE,0,0,0,0
498134,DELETE,0,0,0,0
498342,TRIA,555722,557863,540979,0
498383,TRIA,557903,551820,540932,0
498384,DELETE,0,0,0,0
498683,DELETE,0,0,0,0
499138,DELETE,0,0,0,0
499431,DELETE,0,0,0,0
500004,DELETE,0,0,0,0
511306,DELETE,0,0,0,0
511309,DELETE,0,0,0,0
512837,DELETE,0,0,0,0
512840,DELETE,0,0,0,0
513013,DELETE,0,0,0,0
513191,DELETE,0,0,0,0
514144,DELETE,0,0,0,0
514214,DELETE,0,0,0,0
514389,DELETE,0,0,0,0
514401,DELETE,0,0,0,0
517656,DELETE,0,0,0,0
517666,DELETE,0,0,0,0
517970,DELETE,0,0,0,0
526906,DELETE,0,0,0,0
527451,DELETE,0,0,0,0
527801,DELETE,0,0,0,0
528141,DELETE,0,0,0,0
528481,DELETE,0,0,0,0
528810,DELETE,0,0,0,0
529149,DELETE,0,0,0,0
529488,DELETE,0,0,0,0
530486,DELETE,0,0,0,0
530815,DELETE,0,0,0,0
531165,DELETE,0,0,0,0
531494,DELETE,0,0,0,0
531833,DELETE,0,0,0,0
532183,DELETE,0,0,0,0
533448,DELETE,0,0,0,0
533450,DELETE,0,0,0,0
533511,TRIA,599714,590946,590947,0
533513,DELETE,0,0,0,0
533548,DELETE,0,0,0,0
533549,DELETE,0,0,0,0
533550,DELETE,0,0,0,0
533551,DELETE,0,0,0,0
533552,DELETE,0,0,0,0
533553,DELETE,0,0,0,0
533554,DELETE,0,0,0,0
533555,DELETE,0,0,0,0
533556,DELETE,0,0,0,0
533557,DELETE,0,0,0,0
533558,DELETE,0,0,0,0
533559,DELETE,0,0,0,0
533560,DELETE,0,0,0,0
533561,DELETE,0,0,0,0
533562,DELETE,0,0,0,0
533563,DELETE,0,0,0,0
533564,DELETE,0,0,0,0
533565,DELETE,0,0,0,0
533566,DELETE,0,0,0,0
533567,DELETE,0,0,0,0
533568,DELETE,0,0,0,0
533569,DELETE,0,0,0,0
533570,DELETE,0,0,0,0
533571,DELETE,0,0,0,0
533572,DELETE,0,0,0,0
533573,DELETE,0,0,0,0
533574,DELETE,0,0,0,0
533575,DELETE,0,0,0,0
533576,DELETE,0,0,0,0
533577,DELETE,0,0,0,0
533578,DELETE,0,0,0,0
533579,DELETE,0,0,0,0
533580,DELETE,0,0,0,0
533581,DELETE,0,0,0,0
533582,DELETE,0,0,0,0
533583,DELETE,0,0,0,0
533584,DELETE,0,0,0,0
533585,DELETE,0,0,0,0
533586,DELETE,0,0,0,0
533587,DELETE,0,0,0,0
533588,DELETE,0,0,0,0
533589,DELETE,0,0,0,0
533590,DELETE,0,0,0,0
533591,DELETE,0,0,0,0
533592,DELETE,0,0,0,0
533593,DELETE,0,0,0,0
533594,DELETE,0,0,0,0
533595,DELETE,0,0,0,0
533596,DELETE,0,0,0,0
533597,DELETE,0,0,0,0
533598,DELETE,0,0,0,0
533599,DELETE,0,0,0,0
533600,DELETE,0,0,0,0
533601,DELETE,0,0,0,0
533602,DELETE,0,0,0,0
533603,DELETE,0,0,0,0
533615,DELETE,0,0,0,0
533725,TRIA,577456,591031,600246,0
533727,DELETE,0,0,0,0
533853,DELETE,0,0,0,0
533858,DELETE,0,0,0,0
533869,DELETE,0,0,0,0
533870,DELETE,0,0,0,0
533871,DELETE,0,0,0,0
533872,DELETE,0,0,0,0
533873,DELETE,0,0,0,0
533874,DELETE,0,0,0,0
533875,DELETE,0,0,0,0
533876,DELETE,0,0,0,0
533877,DELETE,0,0,0,0
533878,DELETE,0,0,0,0
533879,DELETE,0,0,0,0
533880,DELETE,0,0,0,0
533881,DELETE,0,0,0,0
533882,DELETE,0,0,0,0
533883,DELETE,0,0,0,0
533884,DELETE,0,0,0,0
533885,DELETE,0,0,0,0
533886,DELETE,0,0,0,0
533887,DELETE,0,0,0,0
533888,DELETE,0,0,0,0
533889,DELETE,0,0,0,0
533890,DELETE,0,0,0,0
533891,DELETE,0,0,0,0
533892,DELETE,0,0,0,0
533893,DELETE,0,0,0,0
533894,DELETE,0,0,0,0
533895,DELETE,0,0,0,0
533896,DELETE,0,0,0,0
533897,DELETE,0,0,0,0
533898,DELETE,0,0,0,0
533899,DELETE,0,0,0,0
533900,DELETE,0,0,0,0
533901,DELETE,0,0,0,0
533902,DELETE,0,0,0,0
533903,DELETE,0,0,0,0
533904,DELETE,0,0,0,0
533905,DELETE,0,0,0,0
533906,DELETE,0,0,0,0
533907,DELETE,0,0,0,0
533908,DELETE,0,0,0,0
533909,DELETE,0,0,0,0
533910,DELETE,0,0,0,0
533911,DELETE,0,0,0,0
533912,DELETE,0,0,0,0
533913,DELETE,0,0,0,0
533914,DELETE,0,0,0,0
533915,DELETE,0,0,0,0
533916,DELETE,0,0,0,0
533917,DELETE,0,0,0,0
533918,DELETE,0,0,0,0
533919,DELETE,0,0,0,0
533920,DELETE,0,0,0,0
533921,DELETE,0,0,0,0
533922,DELETE,0,0,0,0
533923,DELETE,0,0,0,0
533924,DELETE,0,0,0,0
533934,DELETE,0,0,0,0
533985,DELETE,0,0,0,0
533986,DELETE,0,0,0,0
533987,DELETE,0,0,0,0
533988,DELETE,0,0,0,0
533989,DELETE,0,0,0,0
533990,DELETE,0,0,0,0
535321,DELETE,0,0,0,0
535339,DELETE,0,0,0,0
536489,TRIA,604042,208945,604043,0
536719,TRIA,604354,208690,604353,0
551097,REORDER,621092,620941,621091,621093
551107,REORDER,621090,335751,621095,620942
551802,DELETE,0,0,0,0
551806,DELETE,0,0,0,0
551808,TRIA,45965,45966,621602,0
551813,TRIA,621597,45964,621601,0
551819,DELETE,0,0,0,0
551829,DELETE,0,0,0,0
551831,TRIA,621632,621622,45965,0
551834,TRIA,621631,45964,45963,0
551841,DELETE,0,0,0,0
551851,DELETE,0,0,0,0
551856,DELETE,0,0,0,0
551861,DELETE,0,0,0,0
551896,DELETE,0,0,0,0
551900,DELETE,0,0,0,0
552133,TRIA,622154,621725,621727,0
552146,TRIA,621918,621919,622158,0
552316,DELETE,0,0,0,0
552317,DELETE,0,0,0,0
552318,DELETE,0,0,0,0
552319,DELETE,0,0,0,0
552320,DELETE,0,0,0,0
552321,DELETE,0,0,0,0
552340,DELETE,0,0,0,0
552341,DELETE,0,0,0,0
552342,DELETE,0,0,0,0
552343,DELETE,0,0,0,0
552345,DELETE,0,0,0,0
552370,DELETE,0,0,0,0
552379,DELETE,0,0,0,0
552380,DELETE,0,0,0,0
552381,DELETE,0,0,0,0
552382,DELETE,0,0,0,0
552383,DELETE,0,0,0,0
552618,DELETE,0,0,0,0
552626,DELETE,0,0,0,0
552809,TRIA,622322,48307,622666,0
552864,DELETE,0,0,0,0
552868,DELETE,0,0,0,0
552880,DELETE,0,0,0,0
552884,DELETE,0,0,0,0
552896,DELETE,0,0,0,0
552900,DELETE,0,0,0,0
552907,DELETE,0,0,0,0
552917,DELETE,0,0,0,0
552923,DELETE,0,0,0,0
552933,DELETE,0,0,0,0
552939,DELETE,0,0,0,0
552949,DELETE,0,0,0,0
552960,DELETE,0,0,0,0
552964,DELETE,0,0,0,0
552976,DELETE,0,0,0,0
552980,DELETE,0,0,0,0
552992,DELETE,0,0,0,0
552996,DELETE,0,0,0,0
553003,DELETE,0,0,0,0
553013,DELETE,0,0,0,0
553019,DELETE,0,0,0,0
553029,DELETE,0,0,0,0
553035,DELETE,0,0,0,0
553045,DELETE,0,0,0,0
553051,DELETE,0,0,0,0
553061,DELETE,0,0,0,0
553072,DELETE,0,0,0,0
553076,DELETE,0,0,0,0
553088,DELETE,0,0,0,0
553092,DELETE,0,0,0,0
553099,DELETE,0,0,0,0
553109,DELETE,0,0,0,0
553120,DELETE,0,0,0,0
553124,DELETE,0,0,0,0
553131,DELETE,0,0,0,0
553141,DELETE,0,0,0,0
553152,DELETE,0,0,0,0
553156,DELETE,0,0,0,0
553163,DELETE,0,0,0,0
553173,DELETE,0,0,0,0
553184,DELETE,0,0,0,0
553188,DELETE,0,0,0,0
553195,DELETE,0,0,0,0
553205,DELETE,0,0,0,0
553216,DELETE,0,0,0,0
553220,DELETE,0,0,0,0
553227,DELETE,0,0,0,0
553237,DELETE,0,0,0,0
553261,DELETE,0,0,0,0
553288,DELETE,0,0,0,0
553294,DELETE,0,0,0,0
553302,DELETE,0,0,0,0
553320,DELETE,0,0,0,0
553347,DELETE,0,0,0,0
553366,DELETE,0,0,0,0
553393,DELETE,0,0,0,0
553412,DELETE,0,0,0,0
553439,DELETE,0,0,0,0
553458,DELETE,0,0,0,0
553485,DELETE,0,0,0,0
553504,DELETE,0,0,0,0
553531,DELETE,0,0,0,0
553550,DELETE,0,0,0,0
553577,DELETE,0,0,0,0
553585,DELETE,0,0,0,0
553589,DELETE,0,0,0,0
553597,DELETE,0,0,0,0
553602,DELETE,0,0,0,0
553610,DELETE,0,0,0,0
553615,DELETE,0,0,0,0
553623,DELETE,0,0,0,0
553628,DELETE,0,0,0,0
553636,DELETE,0,0,0,0
553641,DELETE,0,0,0,0
553649,DELETE,0,0,0,0
553654,DELETE,0,0,0,0
553662,DELETE,0,0,0,0
553676,DELETE,0,0,0,0
553677,DELETE,0,0,0,0
553678,DELETE,0,0,0,0
553679,DELETE,0,0,0,0
553684,DELETE,0,0,0,0
553689,DELETE,0,0,0,0
553694,DELETE,0,0,0,0
553699,DELETE,0,0,0,0
553704,DELETE,0,0,0,0
553709,DELETE,0,0,0,0
553714,DELETE,0,0,0,0
553719,DELETE,0,0,0,0
553724,DELETE,0,0,0,0
553729,DELETE,0,0,0,0
553734,DELETE,0,0,0,0
553739,DELETE,0,0,0,0
553753,DELETE,0,0,0,0
553758,DELETE,0,0,0,0
553767,DELETE,0,0,0,0
553801,DELETE,0,0,0,0
553809,DELETE,0,0,0,0
553810,DELETE,0,0,0,0
553824,DELETE,0,0,0,0
553829,DELETE,0,0,0,0
553838,DELETE,0,0,0,0
553872,DELETE,0,0,0,0
553880,DELETE,0,0,0,0
553885,DELETE,0,0,0,0
553886,DELETE,0,0,0,0
553900,DELETE,0,0,0,0
553909,DELETE,0,0,0,0
553943,DELETE,0,0,0,0
553951,DELETE,0,0,0,0
553952,DELETE,0,0,0,0
553966,DELETE,0,0,0,0
553975,DELETE,0,0,0,0
554009,DELETE,0,0,0,0
554017,DELETE,0,0,0,0
554018,DELETE,0,0,0,0
554032,DELETE,0,0,0,0
554041,DELETE,0,0,0,0
554075,DELETE,0,0,0,0
554083,DELETE,0,0,0,0
554084,DELETE,0,0,0,0
554098,DELETE,0,0,0,0
554103,DELETE,0,0,0,0
554108,DELETE,0,0,0,0
554117,DELETE,0,0,0,0
554151,DELETE,0,0,0,0
554155,DELETE,0,0,0,0
554158,DELETE,0,0,0,0
554162,DELETE,0,0,0,0
554171,DELETE,0,0,0,0
554176,DELETE,0,0,0,0
554178,DELETE,0,0,0,0
554179,DELETE,0,0,0,0
554378,REORDER,56490,624512,624515,624514
554416,REORDER,624535,56479,624533,624536
555577,TRIA,625773,625370,625372,0
555590,TRIA,625546,625547,625777,0
555759,DELETE,0,0,0,0
556036,DELETE,0,0,0,0
556046,DELETE,0,0,0,0
556193,TRIA,621665,621666,626298,0
556200,DELETE,0,0,0,0
556201,DELETE,0,0,0,0
556202,DELETE,0,0,0,0
556203,DELETE,0,0,0,0
556204,DELETE,0,0,0,0
556205,DELETE,0,0,0,0
556224,DELETE,0,0,0,0
556225,DELETE,0,0,0,0
556226,DELETE,0,0,0,0
556227,DELETE,0,0,0,0
556228,DELETE,0,0,0,0
556229,DELETE,0,0,0,0
556280,DELETE,0,0,0,0
556288,DELETE,0,0,0,0
556289,DELETE,0,0,0,0
556290,DELETE,0,0,0,0
556291,DELETE,0,0,0,0
556292,DELETE,0,0,0,0
556293,DELETE,0,0,0,0
556381,TRIA,626647,626326,626328,0
556394,TRIA,626519,626520,626651,0
556702,TRIA,626881,49076,623585,0
556709,DELETE,0,0,0,0
556710,DELETE,0,0,0,0
556711,DELETE,0,0,0,0
556712,DELETE,0,0,0,0
556713,DELETE,0,0,0,0
556714,DELETE,0,0,0,0
556733,DELETE,0,0,0,0
556734,DELETE,0,0,0,0
556735,DELETE,0,0,0,0
556736,DELETE,0,0,0,0
556738,DELETE,0,0,0,0
556768,DELETE,0,0,0,0
556777,DELETE,0,0,0,0
556778,DELETE,0,0,0,0
556779,DELETE,0,0,0,0
556780,DELETE,0,0,0,0
556781,DELETE,0,0,0,0
556866,DELETE,0,0,0,0
556874,DELETE,0,0,0,0
557197,DELETE,0,0,0,0
557318,TRIA,627587,627282,627284,0
557331,TRIA,627475,627476,627591,0
557524,TRIA,627741,623601,623594,0
557531,DELETE,0,0,0,0
557532,DELETE,0,0,0,0
557533,DELETE,0,0,0,0
557534,DELETE,0,0,0,0
557535,DELETE,0,0,0,0
557536,DELETE,0,0,0,0
557555,DELETE,0,0,0,0
557556,DELETE,0,0,0,0
557557,DELETE,0,0,0,0
557558,DELETE,0,0,0,0
557560,DELETE,0,0,0,0
557720,DELETE,0,0,0,0
557729,DELETE,0,0,0,0
557730,DELETE,0,0,0,0
557731,DELETE,0,0,0,0
557732,DELETE,0,0,0,0
557733,DELETE,0,0,0,0
557823,DELETE,0,0,0,0
557831,DELETE,0,0,0,0
558149,DELETE,0,0,0,0
558444,TRIA,628685,47302,623603,0
558451,DELETE,0,0,0,0
558452,DELETE,0,0,0,0
558453,DELETE,0,0,0,0
558454,DELETE,0,0,0,0
558455,DELETE,0,0,0,0
558456,DELETE,0,0,0,0
558475,DELETE,0,0,0,0
558476,DELETE,0,0,0,0
558477,DELETE,0,0,0,0
558478,DELETE,0,0,0,0
558480,DELETE,0,0,0,0
558618,TRIA,628785,628238,628240,0
558631,TRIA,628431,628432,628789,0
558672,DELETE,0,0,0,0
558681,DELETE,0,0,0,0
558682,DELETE,0,0,0,0
558683,DELETE,0,0,0,0
558684,DELETE,0,0,0,0
558685,DELETE,0,0,0,0
559065,DELETE,0,0,0,0
559073,DELETE,0,0,0,0
559101,DELETE,0,0,0,0
559241,TRIA,629505,54107,623612,0
559248,DELETE,0,0,0,0
559249,DELETE,0,0,0,0
559250,DELETE,0,0,0,0
559251,DELETE,0,0,0,0
559252,DELETE,0,0,0,0
559253,DELETE,0,0,0,0
559272,DELETE,0,0,0,0
559273,DELETE,0,0,0,0
559274,DELETE,0,0,0,0
559275,DELETE,0,0,0,0
559277,DELETE,0,0,0,0
559525,TRIA,629701,629194,629196,0
559538,TRIA,629387,629388,629705,0
559624,DELETE,0,0,0,0
559633,DELETE,0,0,0,0
559634,DELETE,0,0,0,0
559635,DELETE,0,0,0,0
559636,DELETE,0,0,0,0
559637,DELETE,0,0,0,0
560042,DELETE,0,0,0,0
560050,DELETE,0,0,0,0
560053,DELETE,0,0,0,0
560108,TRIA,630402,54261,623621,0
560115,DELETE,0,0,0,0
560116,DELETE,0,0,0,0
560117,DELETE,0,0,0,0
560118,DELETE,0,0,0,0
560119,DELETE,0,0,0,0
560120,DELETE,0,0,0,0
560139,DELETE,0,0,0,0
560140,DELETE,0,0,0,0
560141,DELETE,0,0,0,0
560142,DELETE,0,0,0,0
560144,DELETE,0,0,0,0
560529,DELETE,0,0,0,0
560537,DELETE,0,0,0,0
560574,DELETE,0,0,0,0
560585,DELETE,0,0,0,0
560586,DELETE,0,0,0,0
560587,DELETE,0,0,0,0
560588,DELETE,0,0,0,0
560589,DELETE,0,0,0,0
560986,DELETE,0,0,0,0
560994,DELETE,0,0,0,0
561007,DELETE,0,0,0,0
561067,TRIA,631374,623637,623630,0
561070,DELETE,0,0,0,0
561071,DELETE,0,0,0,0
561072,DELETE,0,0,0,0
561073,DELETE,0,0,0,0
561074,DELETE,0,0,0,0
561099,DELETE,0,0,0,0
561100,DELETE,0,0,0,0
561103,DELETE,0,0,0,0
561491,TRIA,631669,631106,631108,0
561504,TRIA,631299,631300,631673,0
561540,DELETE,0,0,0,0
561552,DELETE,0,0,0,0
561553,DELETE,0,0,0,0
561554,DELETE,0,0,0,0
561558,DELETE,0,0,0,0
561559,DELETE,0,0,0,0
561560,DELETE,0,0,0,0
561574,DELETE,0,0,0,0
561576,DELETE,0,0,0,0
561577,DELETE,0,0,0,0
561578,DELETE,0,0,0,0
561579,DELETE,0,0,0,0
561612,DELETE,0,0,0,0
561613,DELETE,0,0,0,0
561614,DELETE,0,0,0,0
561615,DELETE,0,0,0,0
562016,TRIA,631108,631107,632093,0
562029,TRIA,632097,631725,631299,0
562071,DELETE,0,0,0,0
562072,DELETE,0,0,0,0
562073,DELETE,0,0,0,0
562081,DELETE,0,0,0,0
562082,DELETE,0,0,0,0
562083,DELETE,0,0,0,0
562302,DELETE,0,0,0,0
562308,DELETE,0,0,0,0
562498,DELETE,0,0,0,0
562759,DELETE,0,0,0,0
562769,DELETE,0,0,0,0
562886,TRIA,623765,623766,633000,0
562893,DELETE,0,0,0,0
562894,DELETE,0,0,0,0
562895,DELETE,0,0,0,0
562896,DELETE,0,0,0,0
562897,DELETE,0,0,0,0
562898,DELETE,0,0,0,0
562917,DELETE,0,0,0,0
562918,DELETE,0,0,0,0
562919,DELETE,0,0,0,0
562920,DELETE,0,0,0,0
562921,DELETE,0,0,0,0
562922,DELETE,0,0,0,0
563023,DELETE,0,0,0,0
563031,DELETE,0,0,0,0
563032,DELETE,0,0,0,0
563033,DELETE,0,0,0,0
563034,DELETE,0,0,0,0
563035,DELETE,0,0,0,0
563036,DELETE,0,0,0,0
563130,TRIA,633359,633068,633070,0
563143,TRIA,633244,633245,633363,0
563457,DELETE,0,0,0,0
563593,TRIA,633070,633069,633750,0
563606,TRIA,633754,633638,633244,0
563844,TRIA,623843,623844,633968,0
563851,DELETE,0,0,0,0
563852,DELETE,0,0,0,0
563853,DELETE,0,0,0,0
563854,DELETE,0,0,0,0
563855,DELETE,0,0,0,0
563856,DELETE,0,0,0,0
563875,DELETE,0,0,0,0
563876,DELETE,0,0,0,0
563877,DELETE,0,0,0,0
563878,DELETE,0,0,0,0
563879,DELETE,0,0,0,0
563880,DELETE,0,0,0,0
563980,DELETE,0,0,0,0
563984,DELETE,0,0,0,0
563985,DELETE,0,0,0,0
563986,DELETE,0,0,0,0
563987,DELETE,0,0,0,0
563988,DELETE,0,0,0,0
563989,DELETE,0,0,0,0
564129,DELETE,0,0,0,0
564135,DELETE,0,0,0,0
564330,DELETE,0,0,0,0
564591,DELETE,0,0,0,0
564601,DELETE,0,0,0,0
564793,TRIA,623921,623922,634918,0
564800,DELETE,0,0,0,0
564801,DELETE,0,0,0,0
564802,DELETE,0,0,0,0
564803,DELETE,0,0,0,0
564804,DELETE,0,0,0,0
564805,DELETE,0,0,0,0
564824,DELETE,0,0,0,0
564825,DELETE,0,0,0,0
564826,DELETE,0,0,0,0
564827,DELETE,0,0,0,0
564828,DELETE,0,0,0,0
564829,DELETE,0,0,0,0
564930,DELETE,0,0,0,0
564938,DELETE,0,0,0,0
564939,DELETE,0,0,0,0
564940,DELETE,0,0,0,0
564941,DELETE,0,0,0,0
564942,DELETE,0,0,0,0
564943,DELETE,0,0,0,0
565347,TRIA,635501,634978,634980,0
565360,TRIA,635154,635155,635505,0
565364,TRIA,635518,55232,55233,0
565421,DELETE,0,0,0,0
565422,DELETE,0,0,0,0
565423,DELETE,0,0,0,0
565424,DELETE,0,0,0,0
565425,DELETE,0,0,0,0
565426,DELETE,0,0,0,0
565445,DELETE,0,0,0,0
565446,DELETE,0,0,0,0
565447,DELETE,0,0,0,0
565448,DELETE,0,0,0,0
565449,DELETE,0,0,0,0
565450,DELETE,0,0,0,0
565848,TRIA,634980,634979,635914,0
565861,TRIA,635918,635548,635154,0
565887,DELETE,0,0,0,0
565891,DELETE,0,0,0,0
565892,DELETE,0,0,0,0
565893,DELETE,0,0,0,0
565894,DELETE,0,0,0,0
565895,DELETE,0,0,0,0
565896,DELETE,0,0,0,0
566231,DELETE,0,0,0,0
566237,DELETE,0,0,0,0
566312,TRIA,636470,54850,54851,0
566693,DELETE,0,0,0,0
566703,DELETE,0,0,0,0
566737,DELETE,0,0,0,0
566738,DELETE,0,0,0,0
566739,DELETE,0,0,0,0
566740,DELETE,0,0,0,0
566741,DELETE,0,0,0,0
566742,DELETE,0,0,0,0
566761,DELETE,0,0,0,0
566762,DELETE,0,0,0,0
566763,DELETE,0,0,0,0
566764,DELETE,0,0,0,0
566765,DELETE,0,0,0,0
566766,DELETE,0,0,0,0
566837,DELETE,0,0,0,0
566845,DELETE,0,0,0,0
566846,DELETE,0,0,0,0
566847,DELETE,0,0,0,0
566848,DELETE,0,0,0,0
566849,DELETE,0,0,0,0
566850,DELETE,0,0,0,0
567199,TRIA,637379,636998,637000,0
567212,TRIA,636981,636982,637383,0
567232,DELETE,0,0,0,0
567233,DELETE,0,0,0,0
567234,DELETE,0,0,0,0
567235,DELETE,0,0,0,0
567236,DELETE,0,0,0,0
567267,DELETE,0,0,0,0
567268,DELETE,0,0,0,0
567269,DELETE,0,0,0,0
567270,DELETE,0,0,0,0
567355,DELETE,0,0,0,0
567356,DELETE,0,0,0,0
567357,DELETE,0,0,0,0
567365,DELETE,0,0,0,0
567366,DELETE,0,0,0,0
567367,DELETE,0,0,0,0
567633,TRIA,624169,624170,637756,0
567636,DELETE,0,0,0,0
567637,DELETE,0,0,0,0
567638,DELETE,0,0,0,0
567639,DELETE,0,0,0,0
567640,DELETE,0,0,0,0
567665,DELETE,0,0,0,0
567666,DELETE,0,0,0,0
567667,DELETE,0,0,0,0
567668,DELETE,0,0,0,0
567669,DELETE,0,0,0,0
567776,TRIA,637000,636999,637842,0
567789,TRIA,637846,637488,636981,0
567855,DELETE,0,0,0,0
567863,DELETE,0,0,0,0
567864,DELETE,0,0,0,0
567865,DELETE,0,0,0,0
567868,DELETE,0,0,0,0
567869,DELETE,0,0,0,0
567870,DELETE,0,0,0,0
568173,TRIA,638134,638135,638417,0
568186,TRIA,638421,638151,638153,0
568211,DELETE,0,0,0,0
568221,DELETE,0,0,0,0
568549,TRIA,638153,638152,638749,0
568563,TRIA,638753,638621,638134,0
568698,DELETE,0,0,0,0
568708,DELETE,0,0,0,0
569077,TRIA,639330,638968,638970,0
569090,TRIA,639129,639130,639334,0
569256,DELETE,0,0,0,0
569263,DELETE,0,0,0,0
569511,TRIA,639697,639520,639040,0
569524,TRIA,639059,639058,639701,0
569683,TRIA,639821,639504,639129,0
569696,TRIA,638970,638969,639825,0
569778,DELETE,0,0,0,0
569783,DELETE,0,0,0,0
569801,DELETE,0,0,0,0
569814,DELETE,0,0,0,0
569818,DELETE,0,0,0,0
569827,DELETE,0,0,0,0
570334,TRIA,640733,82796,640732,0
572444,DELETE,0,0,0,0
572449,DELETE,0,0,0,0
572497,DELETE,0,0,0,0
572502,DELETE,0,0,0,0
572994,DELETE,0,0,0,0
572999,DELETE,0,0,0,0
573057,DELETE,0,0,0,0
573062,DELETE,0,0,0,0
587071,DELETE,0,0,0,0
587074,DELETE,0,0,0,0
587414,DELETE,0,0,0,0
587417,DELETE,0,0,0,0
587667,DELETE,0,0,0,0
587670,DELETE,0,0,0,0
587940,DELETE,0,0,0,0
587943,DELETE,0,0,0,0
590506,DELETE,0,0,0,0
590786,TRIA,660887,661649,661387,0
590788,DELETE,0,0,0,0
590809,DELETE,0,0,0,0
591118,DELETE,0,0,0,0
591119,DELETE,0,0,0,0
591120,DELETE,0,0,0,0
591121,DELETE,0,0,0,0
591122,DELETE,0,0,0,0
591123,DELETE,0,0,0,0
591124,DELETE,0,0,0,0
591125,DELETE,0,0,0,0
591138,DELETE,0,0,0,0
591152,DELETE,0,0,0,0
591153,DELETE,0,0,0,0
591154,DELETE,0,0,0,0
591158,DELETE,0,0,0,0
591160,DELETE,0,0,0,0
591177,DELETE,0,0,0,0
591576,TRIA,661939,662532,662229,0
591578,DELETE,0,0,0,0
591599,DELETE,0,0,0,0
591791,DELETE,0,0,0,0
591792,DELETE,0,0,0,0
591793,DELETE,0,0,0,0
591794,DELETE,0,0,0,0
591795,DELETE,0,0,0,0
591796,DELETE,0,0,0,0
591797,DELETE,0,0,0,0
591798,DELETE,0,0,0,0
591810,DELETE,0,0,0,0
592396,DELETE,0,0,0,0
592397,DELETE,0,0,0,0
592398,DELETE,0,0,0,0
592415,DELETE,0,0,0,0
592432,DELETE,0,0,0,0
592776,DELETE,0,0,0,0
592821,DELETE,0,0,0,0
592893,DELETE,0,0,0,0
593183,DELETE,0,0,0,0
593261,DELETE,0,0,0,0
593272,DELETE,0,0,0,0
593273,DELETE,0,0,0,0
593274,DELETE,0,0,0,0
593275,DELETE,0,0,0,0
593276,DELETE,0,0,0,0
593277,DELETE,0,0,0,0
593278,DELETE,0,0,0,0
593279,DELETE,0,0,0,0
593280,DELETE,0,0,0,0
593281,DELETE,0,0,0,0
593282,DELETE,0,0,0,0
593289,DELETE,0,0,0,0
593290,DELETE,0,0,0,0
593297,DELETE,0,0,0,0
593509,DELETE,0,0,0,0
593546,TRIA,663751,664476,664184,0
593594,DELETE,0,0,0,0
593596,DELETE,0,0,0,0
593597,DELETE,0,0,0,0
593598,DELETE,0,0,0,0
593599,DELETE,0,0,0,0
593600,DELETE,0,0,0,0
593601,DELETE,0,0,0,0
593602,DELETE,0,0,0,0
593603,DELETE,0,0,0,0
593604,DELETE,0,0,0,0
593605,DELETE,0,0,0,0
593612,DELETE,0,0,0,0
593613,DELETE,0,0,0,0
593620,DELETE,0,0,0,0
594025,DELETE,0,0,0,0
594405,DELETE,0,0,0,0
594487,DELETE,0,0,0,0
594507,DELETE,0,0,0,0
594796,DELETE,0,0,0,0
594802,TRIA,665555,665994,665913,0
594831,TRIA,665886,666002,665570,0
595144,DELETE,0,0,0,0
595145,DELETE,0,0,0,0
595146,DELETE,0,0,0,0
595147,TRIA,666146,666147,538818,0
595176,DELETE,0,0,0,0
595181,DELETE,0,0,0,0
595187,DELETE,0,0,0,0
595188,DELETE,0,0,0,0
595221,DELETE,0,0,0,0
595224,DELETE,0,0,0,0
595246,DELETE,0,0,0,0
595249,DELETE,0,0,0,0
595271,DELETE,0,0,0,0
595274,DELETE,0,0,0,0
595296,DELETE,0,0,0,0
595299,DELETE,0,0,0,0
595331,DELETE,0,0,0,0
595332,DELETE,0,0,0,0
595356,DELETE,0,0,0,0
595357,DELETE,0,0,0,0
595384,DELETE,0,0,0,0
595387,DELETE,0,0,0,0
595413,DELETE,0,0,0,0
595420,DELETE,0,0,0,0
595421,DELETE,0,0,0,0
595422,DELETE,0,0,0,0
595423,DELETE,0,0,0,0
595424,DELETE,0,0,0,0
595425,DELETE,0,0,0,0
595426,DELETE,0,0,0,0
595427,DELETE,0,0,0,0
595428,DELETE,0,0,0,0
595429,DELETE,0,0,0,0
595433,DELETE,0,0,0,0
596976,DELETE,0,0,0,0
596977,DELETE,0,0,0,0
596978,DELETE,0,0,0,0
597237,DELETE,0,0,0,0
597628,DELETE,0,0,0,0
597645,DELETE,0,0,0,0
597890,TRIA,637000,636999,669193,0
597903,TRIA,669197,637488,636981,0
597946,TRIA,624169,624170,669255,0
597953,DELETE,0,0,0,0
597954,DELETE,0,0,0,0
597955,DELETE,0,0,0,0
597956,DELETE,0,0,0,0
597957,DELETE,0,0,0,0
597958,DELETE,0,0,0,0
597977,DELETE,0,0,0,0
597978,DELETE,0,0,0,0
597979,DELETE,0,0,0,0
597980,DELETE,0,0,0,0
597981,DELETE,0,0,0,0
597982,DELETE,0,0,0,0
598131,DELETE,0,0,0,0
598132,DELETE,0,0,0,0
598133,DELETE,0,0,0,0
598134,DELETE,0,0,0,0
598135,DELETE,0,0,0,0
598136,DELETE,0,0,0,0
598143,DELETE,0,0,0,0
598144,DELETE,0,0,0,0
598145,DELETE,0,0,0,0
598146,DELETE,0,0,0,0
598147,DELETE,0,0,0,0
598148,DELETE,0,0,0,0
598149,DELETE,0,0,0,0
598150,DELETE,0,0,0,0
598151,DELETE,0,0,0,0
598152,DELETE,0,0,0,0
598153,DELETE,0,0,0,0
598154,DELETE,0,0,0,0
598155,DELETE,0,0,0,0
598156,DELETE,0,0,0,0
598157,DELETE,0,0,0,0
598158,DELETE,0,0,0,0
598159,DELETE,0,0,0,0
598160,DELETE,0,0,0,0
598161,DELETE,0,0,0,0
598162,DELETE,0,0,0,0
598163,DELETE,0,0,0,0
598164,DELETE,0,0,0,0
598165,DELETE,0,0,0,0
598166,DELETE,0,0,0,0
598167,DELETE,0,0,0,0
598168,DELETE,0,0,0,0
598169,DELETE,0,0,0,0
598170,DELETE,0,0,0,0
598171,DELETE,0,0,0,0
598172,DELETE,0,0,0,0
598173,DELETE,0,0,0,0
598174,DELETE,0,0,0,0
598175,DELETE,0,0,0,0
598176,DELETE,0,0,0,0
598177,DELETE,0,0,0,0
598178,DELETE,0,0,0,0
598179,DELETE,0,0,0,0
598180,DELETE,0,0,0,0
598181,DELETE,0,0,0,0
598182,DELETE,0,0,0,0
598183,DELETE,0,0,0,0
598184,DELETE,0,0,0,0
598185,DELETE,0,0,0,0
598186,DELETE,0,0,0,0
598187,DELETE,0,0,0,0
598188,DELETE,0,0,0,0
598189,DELETE,0,0,0,0
598190,DELETE,0,0,0,0
598191,DELETE,0,0,0,0
598192,DELETE,0,0,0,0
598193,DELETE,0,0,0,0
598194,DELETE,0,0,0,0
598195,DELETE,0,0,0,0
598196,DELETE,0,0,0,0
598197,DELETE,0,0,0,0
598198,DELETE,0,0,0,0
598199,DELETE,0,0,0,0
598200,DELETE,0,0,0,0
598201,DELETE,0,0,0,0
598202,DELETE,0,0,0,0
598203,DELETE,0,0,0,0
598204,DELETE,0,0,0,0
598205,DELETE,0,0,0,0
598206,DELETE,0,0,0,0
598207,DELETE,0,0,0,0
598208,DELETE,0,0,0,0
598209,DELETE,0,0,0,0
598210,DELETE,0,0,0,0
598211,DELETE,0,0,0,0
598212,DELETE,0,0,0,0
598213,DELETE,0,0,0,0
598214,DELETE,0,0,0,0
598215,DELETE,0,0,0,0
598216,DELETE,0,0,0,0
598217,DELETE,0,0,0,0
598218,DELETE,0,0,0,0
598219,DELETE,0,0,0,0
598220,DELETE,0,0,0,0
598221,DELETE,0,0,0,0
598222,DELETE,0,0,0,0
598223,DELETE,0,0,0,0
598224,DELETE,0,0,0,0
598225,DELETE,0,0,0,0
598226,DELETE,0,0,0,0
598227,DELETE,0,0,0,0
598228,DELETE,0,0,0,0
598229,DELETE,0,0,0,0
598230,DELETE,0,0,0,0
598231,DELETE,0,0,0,0
598232,DELETE,0,0,0,0
598233,DELETE,0,0,0,0
598234,DELETE,0,0,0,0
598235,DELETE,0,0,0,0
598236,DELETE,0,0,0,0
598237,DELETE,0,0,0,0
598238,DELETE,0,0,0,0
598239,DELETE,0,0,0,0
598240,DELETE,0,0,0,0
598241,DELETE,0,0,0,0
598242,DELETE,0,0,0,0
598243,DELETE,0,0,0,0
598244,DELETE,0,0,0,0
598245,DELETE,0,0,0,0
598246,DELETE,0,0,0,0
598247,DELETE,0,0,0,0
598248,DELETE,0,0,0,0
598249,DELETE,0,0,0,0
598250,DELETE,0,0,0,0
598251,DELETE,0,0,0,0
598252,DELETE,0,0,0,0
598253,DELETE,0,0,0,0
598254,DELETE,0,0,0,0
598255,DELETE,0,0,0,0
598256,DELETE,0,0,0,0
598257,DELETE,0,0,0,0
598258,DELETE,0,0,0,0
598259,DELETE,0,0,0,0
598260,DELETE,0,0,0,0
598261,DELETE,0,0,0,0
598262,DELETE,0,0,0,0
598263,DELETE,0,0,0,0
598264,DELETE,0,0,0,0
598265,DELETE,0,0,0,0
598266,DELETE,0,0,0,0
598267,DELETE,0,0,0,0
598268,DELETE,0,0,0,0
598269,DELETE,0,0,0,0
598270,DELETE,0,0,0,0
598271,DELETE,0,0,0,0
598272,DELETE,0,0,0,0
598273,DELETE,0,0,0,0
598274,DELETE,0,0,0,0
598275,DELETE,0,0,0,0
598276,DELETE,0,0,0,0
598277,DELETE,0,0,0,0
598278,DELETE,0,0,0,0
598279,DELETE,0,0,0,0
598280,DELETE,0,0,0,0
598281,DELETE,0,0,0,0
599418,DELETE,0,0,0,0
599419,DELETE,0,0,0,0
599420,DELETE,0,0,0,0
599421,DELETE,0,0,0,0
599422,DELETE,0,0,0,0
599423,DELETE,0,0,0,0
599424,DELETE,0,0,0,0
599425,DELETE,0,0,0,0
599426,DELETE,0,0,0,0
599427,DELETE,0,0,0,0
599428,DELETE,0,0,0,0
599429,DELETE,0,0,0,0
599430,DELETE,0,0,0,0
599431,DELETE,0,0,0,0
599432,DELETE,0,0,0,0
599433,DELETE,0,0,0,0
599434,DELETE,0,0,0,0
599435,DELETE,0,0,0,0
599436,DELETE,0,0,0,0
599437,DELETE,0,0,0,0
599438,DELETE,0,0,0,0
599439,DELETE,0,0,0,0
599440,DELETE,0,0,0,0
599441,DELETE,0,0,0,0
599442,DELETE,0,0,0,0
599443,DELETE,0,0,0,0
599444,DELETE,0,0,0,0
599445,DELETE,0,0,0,0
599446,DELETE,0,0,0,0
599447,DELETE,0,0,0,0
599448,DELETE,0,0,0,0
599449,DELETE,0,0,0,0
599450,DELETE,0,0,0,0
599451,DELETE,0,0,0,0
599452,DELETE,0,0,0,0
599453,DELETE,0,0,0,0
599454,DELETE,0,0,0,0
599455,DELETE,0,0,0,0
599456,DELETE,0,0,0,0
599457,DELETE,0,0,0,0
599458,DELETE,0,0,0,0
599459,DELETE,0,0,0,0
599460,DELETE,0,0,0,0
599461,DELETE,0,0,0,0
599462,DELETE,0,0,0,0
599463,DELETE,0,0,0,0
599464,DELETE,0,0,0,0
599465,DELETE,0,0,0,0
599466,DELETE,0,0,0,0
599467,DELETE,0,0,0,0
599468,DELETE,0,0,0,0
599469,DELETE,0,0,0,0
599470,DELETE,0,0,0,0
599471,DELETE,0,0,0,0
599472,DELETE,0,0,0,0
599473,DELETE,0,0,0,0
599474,DELETE,0,0,0,0
599475,DELETE,0,0,0,0
599476,DELETE,0,0,0,0
599477,DELETE,0,0,0,0
599478,DELETE,0,0,0,0
599479,DELETE,0,0,0,0
599480,DELETE,0,0,0,0
599481,DELETE,0,0,0,0
599482,DELETE,0,0,0,0
599483,DELETE,0,0,0,0
599484,DELETE,0,0,0,0
599485,DELETE,0,0,0,0
599486,DELETE,0,0,0,0
599487,DELETE,0,0,0,0
599488,DELETE,0,0,0,0
599489,DELETE,0,0,0,0
599490,DELETE,0,0,0,0
599491,DELETE,0,0,0,0
599492,DELETE,0,0,0,0
599493,DELETE,0,0,0,0
599494,DELETE,0,0,0,0
599495,DELETE,0,0,0,0
599496,DELETE,0,0,0,0
599497,DELETE,0,0,0,0
599498,DELETE,0,0,0,0
599499,DELETE,0,0,0,0
599500,DELETE,0,0,0,0
599501,DELETE,0,0,0,0
599502,DELETE,0,0,0,0
599503,DELETE,0,0,0,0
599504,DELETE,0,0,0,0
599505,DELETE,0,0,0,0
599506,DELETE,0,0,0,0
599507,DELETE,0,0,0,0
599508,DELETE,0,0,0,0
599509,DELETE,0,0,0,0
599510,DELETE,0,0,0,0
599511,DELETE,0,0,0,0
599512,DELETE,0,0,0,0
599513,DELETE,0,0,0,0
599514,DELETE,0,0,0,0
599515,DELETE,0,0,0,0
599516,DELETE,0,0,0,0
599517,DELETE,0,0,0,0
599518,DELETE,0,0,0,0
599519,DELETE,0,0,0,0
599520,DELETE,0,0,0,0
599521,DELETE,0,0,0,0
599522,DELETE,0,0,0,0
599523,DELETE,0,0,0,0
599524,DELETE,0,0,0,0
599525,DELETE,0,0,0,0
599526,DELETE,0,0,0,0
599527,DELETE,0,0,0,0
599528,DELETE,0,0,0,0
599529,DELETE,0,0,0,0
599530,DELETE,0,0,0,0
599531,DELETE,0,0,0,0
599532,DELETE,0,0,0,0
599533,DELETE,0,0,0,0
599534,DELETE,0,0,0,0
599535,DELETE,0,0,0,0
599536,DELETE,0,0,0,0
599537,DELETE,0,0,0,0
599538,DELETE,0,0,0,0
599539,DELETE,0,0,0,0
599540,DELETE,0,0,0,0
599541,DELETE,0,0,0,0
599542,DELETE,0,0,0,0
599543,DELETE,0,0,0,0
599544,DELETE,0,0,0,0
599545,DELETE,0,0,0,0
599546,DELETE,0,0,0,0
599547,DELETE,0,0,0,0
599548,DELETE,0,0,0,0
599549,DELETE,0,0,0,0
599550,DELETE,0,0,0,0
599551,DELETE,0,0,0,0
599552,DELETE,0,0,0,0
599553,DELETE,0,0,0,0
599554,DELETE,0,0,0,0
599555,DELETE,0,0,0,0
599556,DELETE,0,0,0,0
600913,DELETE,0,0,0,0
600914,DELETE,0,0,0,0
600915,DELETE,0,0,0,0
600916,DELETE,0,0,0,0
600917,DELETE,0,0,0,0
600918,DELETE,0,0,0,0
600919,DELETE,0,0,0,0
600920,DELETE,0,0,0,0
600921,DELETE,0,0,0,0
600922,DELETE,0,0,0,0
600923,DELETE,0,0,0,0
600924,DELETE,0,0,0,0
600925,DELETE,0,0,0,0
600926,DELETE,0,0,0,0
600927,DELETE,0,0,0,0
600928,DELETE,0,0,0,0
600929,DELETE,0,0,0,0
600930,DELETE,0,0,0,0
600931,DELETE,0,0,0,0
600932,DELETE,0,0,0,0
600933,DELETE,0,0,0,0
600934,DELETE,0,0,0,0
600935,DELETE,0,0,0,0
600936,DELETE,0,0,0,0
600937,DELETE,0,0,0,0
600938,DELETE,0,0,0,0
600939,DELETE,0,0,0,0
600940,DELETE,0,0,0,0
600941,DELETE,0,0,0,0
600942,DELETE,0,0,0,0
600943,DELETE,0,0,0,0
600944,DELETE,0,0,0,0
600945,DELETE,0,0,0,0
600946,DELETE,0,0,0,0
600947,DELETE,0,0,0,0
600948,DELETE,0,0,0,0
600949,DELETE,0,0,0,0
600950,DELETE,0,0,0,0
600951,DELETE,0,0,0,0
600952,DELETE,0,0,0,0
600953,DELETE,0,0,0,0
600954,DELETE,0,0,0,0
600955,DELETE,0,0,0,0
600956,DELETE,0,0,0,0
600957,DELETE,0,0,0,0
600958,DELETE,0,0,0,0
600959,DELETE,0,0,0,0
600960,DELETE,0,0,0,0
600961,DELETE,0,0,0,0
600962,DELETE,0,0,0,0
600963,DELETE,0,0,0,0
600964,DELETE,0,0,0,0
600965,DELETE,0,0,0,0
600966,DELETE,0,0,0,0
600967,DELETE,0,0,0,0
600968,DELETE,0,0,0,0
600969,DELETE,0,0,0,0
600970,DELETE,0,0,0,0
600971,DELETE,0,0,0,0
600972,DELETE,0,0,0,0
600973,DELETE,0,0,0,0
600974,DELETE,0,0,0,0
600975,DELETE,0,0,0,0
600976,DELETE,0,0,0,0
600977,DELETE,0,0,0,0
600978,DELETE,0,0,0,0
600979,DELETE,0,0,0,0
600980,DELETE,0,0,0,0
600981,DELETE,0,0,0,0
600982,DELETE,0,0,0,0
600983,DELETE,0,0,0,0
600984,DELETE,0,0,0,0
600985,DELETE,0,0,0,0
600986,DELETE,0,0,0,0
600987,DELETE,0,0,0,0
600988,DELETE,0,0,0,0
600989,DELETE,0,0,0,0
600990,DELETE,0,0,0,0
600991,DELETE,0,0,0,0
600992,DELETE,0,0,0,0
600993,DELETE,0,0,0,0
600994,DELETE,0,0,0,0
600995,DELETE,0,0,0,0
600996,DELETE,0,0,0,0
600997,DELETE,0,0,0,0
600998,DELETE,0,0,0,0
600999,DELETE,0,0,0,0
601000,DELETE,0,0,0,0
601001,DELETE,0,0,0,0
601002,DELETE,0,0,0,0
601003,DELETE,0,0,0,0
601004,DELETE,0,0,0,0
601005,DELETE,0,0,0,0
601006,DELETE,0,0,0,0
601007,DELETE,0,0,0,0
601008,DELETE,0,0,0,0
601009,DELETE,0,0,0,0
601010,DELETE,0,0,0,0
601011,DELETE,0,0,0,0
601012,DELETE,0,0,0,0
601013,DELETE,0,0,0,0
601014,DELETE,0,0,0,0
601015,DELETE,0,0,0,0
601016,DELETE,0,0,0,0
601017,DELETE,0,0,0,0
601018,DELETE,0,0,0,0
601019,DELETE,0,0,0,0
601020,DELETE,0,0,0,0
601021,DELETE,0,0,0,0
601022,DELETE,0,0,0,0
601023,DELETE,0,0,0,0
601024,DELETE,0,0,0,0
601025,DELETE,0,0,0,0
601026,DELETE,0,0,0,0
601027,DELETE,0,0,0,0
601028,DELETE,0,0,0,0
601029,DELETE,0,0,0,0
601030,DELETE,0,0,0,0
601031,DELETE,0,0,0,0
601032,DELETE,0,0,0,0
601033,DELETE,0,0,0,0
601034,DELETE,0,0,0,0
601035,DELETE,0,0,0,0
601036,DELETE,0,0,0,0
601037,DELETE,0,0,0,0
601038,DELETE,0,0,0,0
601039,DELETE,0,0,0,0
601040,DELETE,0,0,0,0
601041,DELETE,0,0,0,0
601042,DELETE,0,0,0,0
601043,DELETE,0,0,0,0
601044,DELETE,0,0,0,0
601045,DELETE,0,0,0,0
601046,DELETE,0,0,0,0
601047,DELETE,0,0,0,0
601048,DELETE,0,0,0,0
601049,DELETE,0,0,0,0
601050,DELETE,0,0,0,0
601051,DELETE,0,0,0,0
603764,DELETE,0,0,0,0
603765,DELETE,0,0,0,0
603766,DELETE,0,0,0,0
603767,DELETE,0,0,0,0
603768,DELETE,0,0,0,0
603769,DELETE,0,0,0,0
603770,DELETE,0,0,0,0
603771,DELETE,0,0,0,0
603772,DELETE,0,0,0,0
603773,DELETE,0,0,0,0
603774,DELETE,0,0,0,0
603775,DELETE,0,0,0,0
603776,DELETE,0,0,0,0
603777,DELETE,0,0,0,0
603778,DELETE,0,0,0,0
603779,DELETE,0,0,0,0
603780,DELETE,0,0,0,0
603781,DELETE,0,0,0,0
603782,DELETE,0,0,0,0
603783,DELETE,0,0,0,0
603784,DELETE,0,0,0,0
603785,DELETE,0,0,0,0
603786,DELETE,0,0,0,0
603787,DELETE,0,0,0,0
603788,DELETE,0,0,0,0
603789,DELETE,0,0,0,0
603790,DELETE,0,0,0,0
603791,DELETE,0,0,0,0
603792,DELETE,0,0,0,0
603793,DELETE,0,0,0,0
603794,DELETE,0,0,0,0
603795,DELETE,0,0,0,0
603796,DELETE,0,0,0,0
603797,DELETE,0,0,0,0
603798,DELETE,0,0,0,0
603799,DELETE,0,0,0,0
603800,DELETE,0,0,0,0
603801,DELETE,0,0,0,0
603802,DELETE,0,0,0,0
603803,DELETE,0,0,0,0
603804,DELETE,0,0,0,0
603805,DELETE,0,0,0,0
603806,DELETE,0,0,0,0
603807,DELETE,0,0,0,0
603808,DELETE,0,0,0,0
603809,DELETE,0,0,0,0
603810,DELETE,0,0,0,0
603811,DELETE,0,0,0,0
603812,DELETE,0,0,0,0
603813,DELETE,0,0,0,0
603814,DELETE,0,0,0,0
603815,DELETE,0,0,0,0
603816,DELETE,0,0,0,0
603817,DELETE,0,0,0,0
603818,DELETE,0,0,0,0
603819,DELETE,0,0,0,0
603820,DELETE,0,0,0,0
603821,DELETE,0,0,0,0
603822,DELETE,0,0,0,0
603823,DELETE,0,0,0,0
603824,DELETE,0,0,0,0
603825,DELETE,0,0,0,0
603826,DELETE,0,0,0,0
603827,DELETE,0,0,0,0
603828,DELETE,0,0,0,0
603829,DELETE,0,0,0,0
603830,DELETE,0,0,0,0
603831,DELETE,0,0,0,0
603832,DELETE,0,0,0,0
603833,DELETE,0,0,0,0
603834,DELETE,0,0,0,0
603835,DELETE,0,0,0,0
603836,DELETE,0,0,0,0
603837,DELETE,0,0,0,0
603838,DELETE,0,0,0,0
603839,DELETE,0,0,0,0
603840,DELETE,0,0,0,0
603841,DELETE,0,0,0,0
603842,DELETE,0,0,0,0
603843,DELETE,0,0,0,0
603844,DELETE,0,0,0,0
603845,DELETE,0,0,0,0
603846,DELETE,0,0,0,0
603847,DELETE,0,0,0,0
603848,DELETE,0,0,0,0
603849,DELETE,0,0,0,0
603850,DELETE,0,0,0,0
603851,DELETE,0,0,0,0
603852,DELETE,0,0,0,0
603853,DELETE,0,0,0,0
603854,DELETE,0,0,0,0
603855,DELETE,0,0,0,0
603856,DELETE,0,0,0,0
603857,DELETE,0,0,0,0
603858,DELETE,0,0,0,0
603859,DELETE,0,0,0,0
603860,DELETE,0,0,0,0
603861,DELETE,0,0,0,0
603862,DELETE,0,0,0,0
603863,DELETE,0,0,0,0
603864,DELETE,0,0,0,0
603865,DELETE,0,0,0,0
603866,DELETE,0,0,0,0
603867,DELETE,0,0,0,0
603868,DELETE,0,0,0,0
603869,DELETE,0,0,0,0
603870,DELETE,0,0,0,0
603871,DELETE,0,0,0,0
603872,DELETE,0,0,0,0
603873,DELETE,0,0,0,0
603874,DELETE,0,0,0,0
603875,DELETE,0,0,0,0
603876,DELETE,0,0,0,0
603877,DELETE,0,0,0,0
603878,DELETE,0,0,0,0
603879,DELETE,0,0,0,0
603880,DELETE,0,0,0,0
603881,DELETE,0,0,0,0
603882,DELETE,0,0,0,0
603883,DELETE,0,0,0,0
603884,DELETE,0,0,0,0
603885,DELETE,0,0,0,0
603886,DELETE,0,0,0,0
603887,DELETE,0,0,0,0
603888,DELETE,0,0,0,0
603889,DELETE,0,0,0,0
603890,DELETE,0,0,0,0
603891,DELETE,0,0,0,0
603892,DELETE,0,0,0,0
603893,DELETE,0,0,0,0
603894,DELETE,0,0,0,0
603895,DELETE,0,0,0,0
603896,DELETE,0,0,0,0
603897,DELETE,0,0,0,0
603898,DELETE,0,0,0,0
603899,DELETE,0,0,0,0
603900,DELETE,0,0,0,0
603901,DELETE,0,0,0,0
603902,DELETE,0,0,0,0
605259,DELETE,0,0,0,0
605260,DELETE,0,0,0,0
605261,DELETE,0,0,0,0
605262,DELETE,0,0,0,0
605263,DELETE,0,0,0,0
605264,DELETE,0,0,0,0
605265,DELETE,0,0,0,0
605266,DELETE,0,0,0,0
605267,DELETE,0,0,0,0
605268,DELETE,0,0,0,0
605269,DELETE,0,0,0,0
605270,DELETE,0,0,0,0
605271,DELETE,0,0,0,0
605272,DELETE,0,0,0,0
605273,DELETE,0,0,0,0
605274,DELETE,0,0,0,0
605275,DELETE,0,0,0,0
605276,DELETE,0,0,0,0
605277,DELETE,0,0,0,0
605278,DELETE,0,0,0,0
605279,DELETE,0,0,0,0
605280,DELETE,0,0,0,0
605281,DELETE,0,0,0,0
605282,DELETE,0,0,0,0
605283,DELETE,0,0,0,0
605284,DELETE,0,0,0,0
605285,DELETE,0,0,0,0
605286,DELETE,0,0,0,0
605287,DELETE,0,0,0,0
605288,DELETE,0,0,0,0
605289,DELETE,0,0,0,0
605290,DELETE,0,0,0,0
605291,DELETE,0,0,0,0
605292,DELETE,0,0,0,0
605293,DELETE,0,0,0,0
605294,DELETE,0,0,0,0
605295,DELETE,0,0,0,0
605296,DELETE,0,0,0,0
605297,DELETE,0,0,0,0
605298,DELETE,0,0,0,0
605299,DELETE,0,0,0,0
605300,DELETE,0,0,0,0
605301,DELETE,0,0,0,0
605302,DELETE,0,0,0,0
605303,DELETE,0,0,0,0
605304,DELETE,0,0,0,0
605305,DELETE,0,0,0,0
605306,DELETE,0,0,0,0
605307,DELETE,0,0,0,0
605308,DELETE,0,0,0,0
605309,DELETE,0,0,0,0
605310,DELETE,0,0,0,0
605311,DELETE,0,0,0,0
605312,DELETE,0,0,0,0
605313,DELETE,0,0,0,0
605314,DELETE,0,0,0,0
605315,DELETE,0,0,0,0
605316,DELETE,0,0,0,0
605317,DELETE,0,0,0,0
605318,DELETE,0,0,0,0
605319,DELETE,0,0,0,0
605320,DELETE,0,0,0,0
605321,DELETE,0,0,0,0
605322,DELETE,0,0,0,0
605323,DELETE,0,0,0,0
605324,DELETE,0,0,0,0
605325,DELETE,0,0,0,0
605326,DELETE,0,0,0,0
605327,DELETE,0,0,0,0
605328,DELETE,0,0,0,0
605329,DELETE,0,0,0,0
605330,DELETE,0,0,0,0
605331,DELETE,0,0,0,0
605332,DELETE,0,0,0,0
605333,DELETE,0,0,0,0
605334,DELETE,0,0,0,0
605335,DELETE,0,0,0,0
605336,DELETE,0,0,0,0
605337,DELETE,0,0,0,0
605338,DELETE,0,0,0,0
605339,DELETE,0,0,0,0
605340,DELETE,0,0,0,0
605341,DELETE,0,0,0,0
605342,DELETE,0,0,0,0
605343,DELETE,0,0,0,0
605344,DELETE,0,0,0,0
605345,DELETE,0,0,0,0
605346,DELETE,0,0,0,0
605347,DELETE,0,0,0,0
605348,DELETE,0,0,0,0
605349,DELETE,0,0,0,0
605350,DELETE,0,0,0,0
605351,DELETE,0,0,0,0
605352,DELETE,0,0,0,0
605353,DELETE,0,0,0,0
605354,DELETE,0,0,0,0
605355,DELETE,0,0,0,0
605356,DELETE,0,0,0,0
605357,DELETE,0,0,0,0
605358,DELETE,0,0,0,0
605359,DELETE,0,0,0,0
605360,DELETE,0,0,0,0
605361,DELETE,0,0,0,0
605362,DELETE,0,0,0,0
605363,DELETE,0,0,0,0
605364,DELETE,0,0,0,0
605365,DELETE,0,0,0,0
605366,DELETE,0,0,0,0
605367,DELETE,0,0,0,0
605368,DELETE,0,0,0,0
605369,DELETE,0,0,0,0
605370,DELETE,0,0,0,0
605371,DELETE,0,0,0,0
605372,DELETE,0,0,0,0
605373,DELETE,0,0,0,0
605374,DELETE,0,0,0,0
605375,DELETE,0,0,0,0
605376,DELETE,0,0,0,0
605377,DELETE,0,0,0,0
605378,DELETE,0,0,0,0
605379,DELETE,0,0,0,0
605380,DELETE,0,0,0,0
605381,DELETE,0,0,0,0
605382,DELETE,0,0,0,0
605383,DELETE,0,0,0,0
605384,DELETE,0,0,0,0
605385,DELETE,0,0,0,0
605386,DELETE,0,0,0,0
605387,DELETE,0,0,0,0
605388,DELETE,0,0,0,0
605389,DELETE,0,0,0,0
605390,DELETE,0,0,0,0
605391,DELETE,0,0,0,0
605392,DELETE,0,0,0,0
605393,DELETE,0,0,0,0
605394,DELETE,0,0,0,0
605395,DELETE,0,0,0,0
605396,DELETE,0,0,0,0
605397,DELETE,0,0,0,0
606754,DELETE,0,0,0,0
606755,DELETE,0,0,0,0
606756,DELETE,0,0,0,0
606757,DELETE,0,0,0,0
606758,DELETE,0,0,0,0
606759,DELETE,0,0,0,0
606760,DELETE,0,0,0,0
606761,DELETE,0,0,0,0
606762,DELETE,0,0,0,0
606763,DELETE,0,0,0,0
606764,DELETE,0,0,0,0
606765,DELETE,0,0,0,0
606766,DELETE,0,0,0,0
606767,DELETE,0,0,0,0
606768,DELETE,0,0,0,0
606769,DELETE,0,0,0,0
606770,DELETE,0,0,0,0
606771,DELETE,0,0,0,0
606772,DELETE,0,0,0,0
606773,DELETE,0,0,0,0
606774,DELETE,0,0,0,0
606775,DELETE,0,0,0,0
606776,DELETE,0,0,0,0
606777,DELETE,0,0,0,0
606778,DELETE,0,0,0,0
606779,DELETE,0,0,0,0
606780,DELETE,0,0,0,0
606781,DELETE,0,0,0,0
606782,DELETE,0,0,0,0
606783,DELETE,0,0,0,0
606784,DELETE,0,0,0,0
606785,DELETE,0,0,0,0
606786,DELETE,0,0,0,0
606787,DELETE,0,0,0,0
606788,DELETE,0,0,0,0
606789,DELETE,0,0,0,0
606790,DELETE,0,0,0,0
606791,DELETE,0,0,0,0
606792,DELETE,0,0,0,0
606793,DELETE,0,0,0,0
606794,DELETE,0,0,0,0
606795,DELETE,0,0,0,0
606796,DELETE,0,0,0,0
606797,DELETE,0,0,0,0
606798,DELETE,0,0,0,0
606799,DELETE,0,0,0,0
606800,DELETE,0,0,0,0
606801,DELETE,0,0,0,0
606802,DELETE,0,0,0,0
606803,DELETE,0,0,0,0
606804,DELETE,0,0,0,0
606805,DELETE,0,0,0,0
606806,DELETE,0,0,0,0
606807,DELETE,0,0,0,0
606808,DELETE,0,0,0,0
606809,DELETE,0,0,0,0
606810,DELETE,0,0,0,0
606811,DELETE,0,0,0,0
606812,DELETE,0,0,0,0
606813,DELETE,0,0,0,0
606814,DELETE,0,0,0,0
606815,DELETE,0,0,0,0
606816,DELETE,0,0,0,0
606817,DELETE,0,0,0,0
606818,DELETE,0,0,0,0
606819,DELETE,0,0,0,0
606820,DELETE,0,0,0,0
606821,DELETE,0,0,0,0
606822,DELETE,0,0,0,0
606823,DELETE,0,0,0,0
606824,DELETE,0,0,0,0
606825,DELETE,0,0,0,0
606826,DELETE,0,0,0,0
606827,DELETE,0,0,0,0
606828,DELETE,0,0,0,0
606829,DELETE,0,0,0,0
606830,DELETE,0,0,0,0
606831,DELETE,0,0,0,0
606832,DELETE,0,0,0,0
606833,DELETE,0,0,0,0
606834,DELETE,0,0,0,0
606835,DELETE,0,0,0,0
606836,DELETE,0,0,0,0
606837,DELETE,0,0,0,0
606838,DELETE,0,0,0,0
606839,DELETE,0,0,0,0
606840,DELETE,0,0,0,0
606841,DELETE,0,0,0,0
606842,DELETE,0,0,0,0
606843,DELETE,0,0,0,0
606844,DELETE,0,0,0,0
606845,DELETE,0,0,0,0
606846,DELETE,0,0,0,0
606847,DELETE,0,0,0,0
606848,DELETE,0,0,0,0
606849,DELETE,0,0,0,0
606850,DELETE,0,0,0,0
606851,DELETE,0,0,0,0
606852,DELETE,0,0,0,0
606853,DELETE,0,0,0,0
606854,DELETE,0,0,0,0
606855,DELETE,0,0,0,0
606856,DELETE,0,0,0,0
606857,DELETE,0,0,0,0
606858,DELETE,0,0,0,0
606859,DELETE,0,0,0,0
606860,DELETE,0,0,0,0
606861,DELETE,0,0,0,0
606862,DELETE,0,0,0,0
606863,DELETE,0,0,0,0
606864,DELETE,0,0,0,0
606865,DELETE,0,0,0,0
606866,DELETE,0,0,0,0
606867,DELETE,0,0,0,0
606868,DELETE,0,0,0,0
606869,DELETE,0,0,0,0
606870,DELETE,0,0,0,0
606871,DELETE,0,0,0,0
606872,DELETE,0,0,0,0
606873,DELETE,0,0,0,0
606874,DELETE,0,0,0,0
606875,DELETE,0,0,0,0
606876,DELETE,0,0,0,0
606877,DELETE,0,0,0,0
606878,DELETE,0,0,0,0
606879,DELETE,0,0,0,0
606880,DELETE,0,0,0,0
606881,DELETE,0,0,0,0
606882,DELETE,0,0,0,0
606883,DELETE,0,0,0,0
606884,DELETE,0,0,0,0
606885,DELETE,0,0,0,0
606886,DELETE,0,0,0,0
606887,DELETE,0,0,0,0
606888,DELETE,0,0,0,0
606889,DELETE,0,0,0,0
606890,DELETE,0,0,0,0
606891,DELETE,0,0,0,0
606892,DELETE,0,0,0,0
608249,DELETE,0,0,0,0
608250,DELETE,0,0,0,0
608251,DELETE,0,0,0,0
608252,DELETE,0,0,0,0
608253,DELETE,0,0,0,0
608254,DELETE,0,0,0,0
608255,DELETE,0,0,0,0
608256,DELETE,0,0,0,0
608257,DELETE,0,0,0,0
608258,DELETE,0,0,0,0
608259,DELETE,0,0,0,0
608260,DELETE,0,0,0,0
608261,DELETE,0,0,0,0
608262,DELETE,0,0,0,0
608263,DELETE,0,0,0,0
608264,DELETE,0,0,0,0
608265,DELETE,0,0,0,0
608266,DELETE,0,0,0,0
608267,DELETE,0,0,0,0
608268,DELETE,0,0,0,0
608269,DELETE,0,0,0,0
608270,DELETE,0,0,0,0
608271,DELETE,0,0,0,0
608272,DELETE,0,0,0,0
608273,DELETE,0,0,0,0
608274,DELETE,0,0,0,0
608275,DELETE,0,0,0,0
608276,DELETE,0,0,0,0
608277,DELETE,0,0,0,0
608278,DELETE,0,0,0,0
608279,DELETE,0,0,0,0
608280,DELETE,0,0,0,0
608281,DELETE,0,0,0,0
608282,DELETE,0,0,0,0
608283,DELETE,0,0,0,0
608284,DELETE,0,0,0,0
608285,DELETE,0,0,0,0
608286,DELETE,0,0,0,0
608287,DELETE,0,0,0,0
608288,DELETE,0,0,0,0
608289,DELETE,0,0,0,0
608290,DELETE,0,0,0,0
608291,DELETE,0,0,0,0
608292,DELETE,0,0,0,0
608293,DELETE,0,0,0,0
608294,DELETE,0,0,0,0
608295,DELETE,0,0,0,0
608296,DELETE,0,0,0,0
608297,DELETE,0,0,0,0
608298,DELETE,0,0,0,0
608299,DELETE,0,0,0,0
608300,DELETE,0,0,0,0
608301,DELETE,0,0,0,0
608302,DELETE,0,0,0,0
608303,DELETE,0,0,0,0
608304,DELETE,0,0,0,0
608305,DELETE,0,0,0,0
608306,DELETE,0,0,0,0
608307,DELETE,0,0,0,0
608308,DELETE,0,0,0,0
608309,DELETE,0,0,0,0
608310,DELETE,0,0,0,0
608311,DELETE,0,0,0,0
608312,DELETE,0,0,0,0
608313,DELETE,0,0,0,0
608314,DELETE,0,0,0,0
608315,DELETE,0,0,0,0
608316,DELETE,0,0,0,0
608317,DELETE,0,0,0,0
608318,DELETE,0,0,0,0
608319,DELETE,0,0,0,0
608320,DELETE,0,0,0,0
608321,DELETE,0,0,0,0
608322,DELETE,0,0,0,0
608323,DELETE,0,0,0,0
608324,DELETE,0,0,0,0
608325,DELETE,0,0,0,0
608326,DELETE,0,0,0,0
608327,DELETE,0,0,0,0
608328,DELETE,0,0,0,0
608329,DELETE,0,0,0,0
608330,DELETE,0,0,0,0
608331,DELETE,0,0,0,0
608332,DELETE,0,0,0,0
608333,DELETE,0,0,0,0
608334,DELETE,0,0,0,0
608335,DELETE,0,0,0,0
608336,DELETE,0,0,0,0
608337,DELETE,0,0,0,0
608338,DELETE,0,0,0,0
608339,DELETE,0,0,0,0
608340,DELETE,0,0,0,0
608341,DELETE,0,0,0,0
608342,DELETE,0,0,0,0
608343,DELETE,0,0,0,0
608344,DELETE,0,0,0,0
608345,DELETE,0,0,0,0
608346,DELETE,0,0,0,0
608347,DELETE,0,0,0,0
608348,DELETE,0,0,0,0
608349,DELETE,0,0,0,0
608350,DELETE,0,0,0,0
608351,DELETE,0,0,0,0
608352,DELETE,0,0,0,0
608353,DELETE,0,0,0,0
608354,DELETE,0,0,0,0
608355,DELETE,0,0,0,0
608356,DELETE,0,0,0,0
608357,DELETE,0,0,0,0
608358,DELETE,0,0,0,0
608359,DELETE,0,0,0,0
608360,DELETE,0,0,0,0
608361,DELETE,0,0,0,0
608362,DELETE,0,0,0,0
608363,DELETE,0,0,0,0
608364,DELETE,0,0,0,0
608365,DELETE,0,0,0,0
608366,DELETE,0,0,0,0
608367,DELETE,0,0,0,0
608368,DELETE,0,0,0,0
608369,DELETE,0,0,0,0
608370,DELETE,0,0,0,0
608371,DELETE,0,0,0,0
608372,DELETE,0,0,0,0
608373,DELETE,0,0,0,0
608374,DELETE,0,0,0,0
608375,DELETE,0,0,0,0
608376,DELETE,0,0,0,0
608377,DELETE,0,0,0,0
608378,DELETE,0,0,0,0
608379,DELETE,0,0,0,0
608380,DELETE,0,0,0,0
608381,DELETE,0,0,0,0
608382,DELETE,0,0,0,0
608383,DELETE,0,0,0,0
608384,DELETE,0,0,0,0
608385,DELETE,0,0,0,0
608386,DELETE,0,0,0,0
608387,DELETE,0,0,0,0
608388,DELETE,0,0,0,0
608389,DELETE,0,0,0,0
608989,DELETE,0,0,0,0
608990,DELETE,0,0,0,0
608991,DELETE,0,0,0,0
608992,DELETE,0,0,0,0
608993,DELETE,0,0,0,0
608994,DELETE,0,0,0,0
608995,DELETE,0,0,0,0
608996,DELETE,0,0,0,0
608997,DELETE,0,0,0,0
608998,DELETE,0,0,0,0
608999,DELETE,0,0,0,0
609000,DELETE,0,0,0,0
609001,DELETE,0,0,0,0
609002,DELETE,0,0,0,0
609003,DELETE,0,0,0,0
609004,DELETE,0,0,0,0
609005,DELETE,0,0,0,0
609006,DELETE,0,0,0,0
609007,DELETE,0,0,0,0
609008,DELETE,0,0,0,0
609009,DELETE,0,0,0,0
609010,DELETE,0,0,0,0
609011,DELETE,0,0,0,0
609012,DELETE,0,0,0,0
609013,DELETE,0,0,0,0
609014,DELETE,0,0,0,0
609015,DELETE,0,0,0,0
609016,DELETE,0,0,0,0
609017,DELETE,0,0,0,0
609018,DELETE,0,0,0,0
609019,DELETE,0,0,0,0
609020,DELETE,0,0,0,0
609021,DELETE,0,0,0,0
609022,DELETE,0,0,0,0
609023,DELETE,0,0,0,0
609024,DELETE,0,0,0,0
609025,DELETE,0,0,0,0
609026,DELETE,0,0,0,0
609027,DELETE,0,0,0,0
609028,DELETE,0,0,0,0
609029,DELETE,0,0,0,0
609030,DELETE,0,0,0,0
609031,DELETE,0,0,0,0
609032,DELETE,0,0,0,0
609033,DELETE,0,0,0,0
609034,DELETE,0,0,0,0
609035,DELETE,0,0,0,0
609036,DELETE,0,0,0,0
609037,DELETE,0,0,0,0
609038,DELETE,0,0,0,0
609039,DELETE,0,0,0,0
609040,DELETE,0,0,0,0
609041,DELETE,0,0,0,0
609042,DELETE,0,0,0,0
609043,DELETE,0,0,0,0
609044,DELETE,0,0,0,0
609045,DELETE,0,0,0,0
609046,DELETE,0,0,0,0
609047,DELETE,0,0,0,0
609048,DELETE,0,0,0,0
609049,DELETE,0,0,0,0
609050,DELETE,0,0,0,0
609051,DELETE,0,0,0,0
609052,DELETE,0,0,0,0
609053,DELETE,0,0,0,0
609054,DELETE,0,0,0,0
609055,DELETE,0,0,0,0
609056,DELETE,0,0,0,0
609057,DELETE,0,0,0,0
609058,DELETE,0,0,0,0
609059,DELETE,0,0,0,0
609060,DELETE,0,0,0,0
609061,DELETE,0,0,0,0
609062,DELETE,0,0,0,0
609063,DELETE,0,0,0,0
609064,DELETE,0,0,0,0
609065,DELETE,0,0,0,0
609066,DELETE,0,0,0,0
609067,DELETE,0,0,0,0
609068,DELETE,0,0,0,0
609069,DELETE,0,0,0,0
609070,DELETE,0,0,0,0
609071,DELETE,0,0,0,0
609072,DELETE,0,0,0,0
609073,DELETE,0,0,0,0
609074,DELETE,0,0,0,0
609075,DELETE,0,0,0,0
609076,DELETE,0,0,0,0
609077,DELETE,0,0,0,0
609078,DELETE,0,0,0,0
609079,DELETE,0,0,0,0
609080,DELETE,0,0,0,0
609081,DELETE,0,0,0,0
609082,DELETE,0,0,0,0
609083,DELETE,0,0,0,0
609084,DELETE,0,0,0,0
609085,DELETE,0,0,0,0
609086,DELETE,0,0,0,0
609087,DELETE,0,0,0,0
609088,DELETE,0,0,0,0
609089,DELETE,0,0,0,0
609090,DELETE,0,0,0,0
609091,DELETE,0,0,0,0
609092,DELETE,0,0,0,0
609093,DELETE,0,0,0,0
609094,DELETE,0,0,0,0
609095,DELETE,0,0,0,0
609096,DELETE,0,0,0,0
609097,DELETE,0,0,0,0
609098,DELETE,0,0,0,0
609099,DELETE,0,0,0,0
609100,DELETE,0,0,0,0
609101,DELETE,0,0,0,0
609102,DELETE,0,0,0,0
609103,DELETE,0,0,0,0
609104,DELETE,0,0,0,0
609105,DELETE,0,0,0,0
609106,DELETE,0,0,0,0
609107,DELETE,0,0,0,0
609108,DELETE,0,0,0,0
609109,DELETE,0,0,0,0
609110,DELETE,0,0,0,0
609111,DELETE,0,0,0,0
609112,DELETE,0,0,0,0
609113,DELETE,0,0,0,0
609114,DELETE,0,0,0,0
609115,DELETE,0,0,0,0
609116,DELETE,0,0,0,0
609117,DELETE,0,0,0,0
609118,DELETE,0,0,0,0
609119,DELETE,0,0,0,0
609120,DELETE,0,0,0,0
609121,DELETE,0,0,0,0
609122,DELETE,0,0,0,0
609123,DELETE,0,0,0,0
609124,DELETE,0,0,0,0
609125,DELETE,0,0,0,0
609126,DELETE,0,0,0,0
609127,DELETE,0,0,0,0
609128,DELETE,0,0,0,0
609129,DELETE,0,0,0,0
609130,DELETE,0,0,0,0
609131,DELETE,0,0,0,0
609132,DELETE,0,0,0,0
609133,DELETE,0,0,0,0
609134,DELETE,0,0,0,0
609135,DELETE,0,0,0,0
609136,DELETE,0,0,0,0
609137,DELETE,0,0,0,0
609138,DELETE,0,0,0,0
609139,DELETE,0,0,0,0
609140,DELETE,0,0,0,0
609141,DELETE,0,0,0,0
609142,DELETE,0,0,0,0
609143,DELETE,0,0,0,0
609144,DELETE,0,0,0,0
609145,DELETE,0,0,0,0
609146,DELETE,0,0,0,0
609147,DELETE,0,0,0,0
609148,DELETE,0,0,0,0
609149,DELETE,0,0,0,0
609150,DELETE,0,0,0,0
609151,DELETE,0,0,0,0
609152,DELETE,0,0,0,0
609153,DELETE,0,0,0,0
609154,DELETE,0,0,0,0
609155,DELETE,0,0,0,0
609156,DELETE,0,0,0,0
609157,DELETE,0,0,0,0
609158,DELETE,0,0,0,0
609159,DELETE,0,0,0,0
609160,DELETE,0,0,0,0
609161,DELETE,0,0,0,0
609162,DELETE,0,0,0,0
609163,DELETE,0,0,0,0
609164,DELETE,0,0,0,0
609165,DELETE,0,0,0,0
609166,DELETE,0,0,0,0
609167,DELETE,0,0,0,0
609168,DELETE,0,0,0,0
609169,DELETE,0,0,0,0
609170,DELETE,0,0,0,0
609171,DELETE,0,0,0,0
609172,DELETE,0,0,0,0
609173,DELETE,0,0,0,0
609174,DELETE,0,0,0,0
609175,DELETE,0,0,0,0
609176,DELETE,0,0,0,0
609177,DELETE,0,0,0,0
609178,DELETE,0,0,0,0
609179,DELETE,0,0,0,0
609180,DELETE,0,0,0,0
609181,DELETE,0,0,0,0
609182,DELETE,0,0,0,0
609183,DELETE,0,0,0,0
609184,DELETE,0,0,0,0
609185,DELETE,0,0,0,0
609186,DELETE,0,0,0,0
609187,DELETE,0,0,0,0
609188,DELETE,0,0,0,0
609189,DELETE,0,0,0,0
609190,DELETE,0,0,0,0
609191,DELETE,0,0,0,0
609192,DELETE,0,0,0,0
609193,DELETE,0,0,0,0
609194,DELETE,0,0,0,0
609195,DELETE,0,0,0,0
609196,DELETE,0,0,0,0
609197,DELETE,0,0,0,0
609198,DELETE,0,0,0,0
609199,DELETE,0,0,0,0
609200,DELETE,0,0,0,0
609201,DELETE,0,0,0,0
609202,DELETE,0,0,0,0
609203,DELETE,0,0,0,0
609204,DELETE,0,0,0,0
609205,DELETE,0,0,0,0
609206,DELETE,0,0,0,0
609207,DELETE,0,0,0,0
609208,DELETE,0,0,0,0
609209,DELETE,0,0,0,0
609210,DELETE,0,0,0,0
609211,DELETE,0,0,0,0
609212,DELETE,0,0,0,0
609213,DELETE,0,0,0,0
609214,DELETE,0,0,0,0
610857,DELETE,0,0,0,0
610886,TRIA,685481,262231,11159,0
611044,TRIA,262369,136290,685749,0
611100,DELETE,0,0,0,0
611262,TRIA,685916,685915,15290,0
611297,TRIA,329864,34365,685960,0
611304,TRIA,71523,685943,685944,0
611313,DELETE,0,0,0,0
611391,DELETE,0,0,0,0
611393,DELETE,0,0,0,0
611487,DELETE,0,0,0,0
611495,DELETE,0,0,0,0
611765,DELETE,0,0,0,0
613080,DELETE,0,0,0,0
613395,DELETE,0,0,0,0
613969,DELETE,0,0,0,0
613973,DELETE,0,0,0,0
613977,DELETE,0,0,0,0
613981,DELETE,0,0,0,0
613989,TRIA,689774,689757,689776,0
614092,DELETE,0,0,0,0
614096,DELETE,0,0,0,0
614100,DELETE,0,0,0,0
614104,DELETE,0,0,0,0
614108,TRIA,66361,689905,66362,0
614306,DELETE,0,0,0,0
614375,TRIA,71310,71311,690151,0
614400,DELETE,0,0,0,0
614710,TRIA,690498,689844,66438,0
614819,DELETE,0,0,0,0
614820,TRIA,686638,690595,690594,0
614822,TRIA,686639,686640,690596,0
614823,DELETE,0,0,0,0
614824,TRIA,686642,154527,690598,0
615159,DELETE,0,0,0,0
615284,TRIA,690968,690881,70976,0
